ar,ar,"太阳白羊+月亮白羊<br><br>

优点：闯劲十足<br><br>

缺点：极不耐心<br><br>

性格解析：<br><br>

你的太阳和月亮都赋予你火热、积极的情绪。你是一位彻头彻尾的个人主义者，待人极不耐心，有时甚至到了无法忍受的程度。人们或许会认为你顽固不化，因为你过于实事求是。你的确能够有效地表达自己的思想，给人留下深刻印象。倾听和理解他人的苦衷对你来说相当困难。然而当你偶尔吐露个人问题时却要求得到身边人的注意。<br><br>

你不是知识分子型的人，你甚至可能没有接受教育。事实上，你恰恰觉得那些受过良好教育炫耀才学的人最无聊最无趣。抽象的思想和观念不会引起你的注意，你只对具体的行动和结果感兴趣。也就是说你不会思考。你的头脑总是在阅读、谈话和讨论时比较活跃。任物完成且完成得迅速时，你的能力才说得过去。这一相位使你拥有不寻常得领导特质，但是你仍需要提高自己的做事策略，以及多考虑别人的感受，不然会阻碍你前进。<br><br>

白羊座的企业精神会带给你理财上的助益。你十分果决，可是月亮也会影响你而导致欠缺深思熟虑，在投资时要千万担心。<br><br>


建议：多考虑别人的感受<br><br>
"
ar,ge,"太阳白羊+月亮双子 <br><br>

优点：思维敏捷<br><br>

缺点：思想肤浅<br><br>

性格解析：<br><br>

你极可能主导任何谈话，因为你思维敏捷，消息灵通。你必须学会至少在决定说出去之前能够守口如瓶，这对你来说很难做到。相比闭门独思，你更欢通过座谈的方式作决定。不假思索的讲话和仓促的下结论会给你带来很大的麻烦。如果你能学会保密的艺术以及凡事三思而后行的习惯，成功会来得更容易些。尽管你有这种缺点，但是由于你机智过人动机淳朴，你仍可取得较大成就。你的辩论技能会使你轻松击退对手。令人惊讶的是，正如你行动之快，你对掌握细节有自己独特的技巧。<br><br>

生意场上，你对细节和数据的精通让你看上去像一位出色的经理。然而，因为你掌握的细节太过肤浅，学习深度不够，你经常为自己的犹豫不决而内疚。总之，思维敏捷是你最显著的特点。整合零碎信息的风格以及流畅有效的表达能力会让你有不错的前景。你可能期望成为一位经理级人物。然而，当经理必须要作各种重要的决策，你不如在广告领域、文学界或者任何能利用你的能言善道或表达能力的行业谋个职位。遇到智力问题和情感问题时，你应该努力多动脑筋，克服肤浅的想法。<br><br>

建议：必须学会守口如瓶<br><br>"
ar,leo,"太阳白羊+月亮狮子<br><br>

优点：激情四溢<br><br>

缺点：自负倾向<br><br>

性格解析：<br><br>

白羊座求胜、领导他人的能力，在狮子座天生的组织力影响下，将更加强化。你应该也必须勇往直前。两个星座组合下的你是个不折不扣的领袖，言谈和表达有种戏剧化的说服力。<br><br>
你对伴侣极好，会以浪漫的礼物宠爱对方。被激怒的你会象一头批着羊皮的狮子，但是发作过后就不会再怀恨在心。虽然你有本事把对方压垮，不过本质上还是宽宏的。<br><br>

具有狮子座特性的人都会富有创造力,白羊座富有企业精神，你喜欢过豪华的生活，看中负担不起的高价品。所以你应该努力工作，获取高薪，如此一来也才能获得成就感。另一方面，白羊座则喜欢鲜艳的颜色，因此你可以从事绘画工作，不过耐心可能不够。所以不要把目标放在细节上。只须把色彩挥洒在画布上，这么做说不定有意想不到的效果。<br><br>



建议：认真评估自我价值<br><br>
"
ar,ta,"太阳白羊+月亮金牛（五星级配置）

优点：坚定拼搏<br><br>

缺点：固执己见<br><br>

性格解析：<br><br>

在你言行举止所体现的魅力和闯劲中，最突出的就是坚定的决心和拼搏的势头。受金牛座的影响，白羊座的过于自信和粗犷的那一面有所缓和。如果行为再少一些圆滑的话，你会是一位讨人欢彬彬有礼之人。所有白羊座的人都是天生的领导者，但在这一组合中，有更稳定和坚实的基础使你成为领导人。你自恃很高，但从不显露出来。认清自己的能力是你生活的基础。你不可能有自卑情节。你需要学会民主的管理方式，学会以周围人的快乐来调整个人愿望。不管你的性别如何，在婚姻生活中你很可能占主导地位，无论发生什么情况，你总会想法掌控形势。<br><br>

金牛座和白羊座的生意头脑是相得益彰的。事实上，你人也许会有两份收入。你在理财方面具有强烈的直觉，比其他的白羊座少犯错误。企业精神，做生意的本能，以及追求奢华的本性，完美的结合为一。<br><br>

建议：多给别人一些自由<br><br>
"
ar,cn,"太阳白羊+月亮巨蟹<br><br>

优点：善于周旋<br><br>

缺点：自我怀疑<br><br>

性格解析：<br><br>

这种太阳星座和月亮星座的组合融合了白羊座的坚定和过分自信与巨蟹座的敏感性、同情心和洞察力。这一对组合所产生的独一无二的特征让你在许多领域都能如鱼得水。不像很多精力充沛的白羊座类型的人，在下结论之前，你能凭感觉认识他人。由于巨蟹座的影响，面对刺激物，你的回应不再妄自尊大。你习惯于做事情多思考多理解。你自有一套与人周旋的本领，因为凭借天生的吸引力和表面上对他人利益的关心，你知道如何抓住他们的想象力。你的社会洞察力之深，在公众的支持下你会上升的很快。你的领导力有时都会令你自己吃惊。尽管你为自己的才干而自豪，可你或许感觉到内在的矛盾。你也许会疑问自己是如何积聚能量和精力以使你如此有说服力地表达自己的思想。记住不要过于自以为是，行为举止不要过于夸张。<br><br>

你具备白羊座如火的热情和巨蟹座似水的柔情，这是颇为惊人的组合。不过千万别让伴侣喘不过气来。也不要过度敏感、多愁善感、庸人自扰。<br><br>

月亮在巨蟹座的你精明过人，在生意和财务方面表现尤为出色。相信你的直觉，不过不要让白羊座的冲动完全盖过了潜在的审慎本能。<br><br>

建议：自我肯定尤其重要<br><br>
"
ar,vi,"太阳白羊+月亮处女<br><br>

优点：效率极高<br><br>

缺点：缺乏创新<br><br>

性格解析：<br><br>

你的头脑适于解决实际问题，对大多数问题，效率于你最重要。你有誓把事情做完做好的决心和干劲。你能把冷静的判断与付诸行动的精力有效结合起来。你可能缺乏创新，但是你会随时准备吸收新知识并有效地将其付之实践。你会从每一个角度查明问题，从不忽略最微不足道的细节。为你工作是件难事，因为你过分追求精确。对于尚未完成的工作或人物，只要存在缺陷，你就会直言不讳地严厉批评，不留情面。你有潜力成为一位出色的管理者，如果收敛一下锋芒和苛刻，少树敌手。你不够浪漫，与人交往时不够友好。你可能是属于“独狼”类型的人。<br><br>

你是白羊座中最务实的人，适合理论性或活泼有变化的工作，可惜不太有耐性，在做事途中不妨休息一下，而不要勉强持续想要放弃的事情。<br><br>

白羊座的热情会被处女座的特性浇上一盆冷水，因此在对伴侣表现激情之前会斟酌再三。你不高兴的时候会怨气冲天，猛找别人的碴，不过你不会怀恨在心。<br><br>

建议：少一些苛刻少树敌<br><br>
"
ar,li,"太阳白羊+月亮天枰<br><br>
优点：待人友好<br><br>

缺点：过度依赖<br><br>

性格解析：<br><br>

这种太阳星座和月亮星座的组合使你的性格中有相互矛盾的地方， 因为这两个星座恰恰相互对立，相隔整整180度。白羊座天生独立，而天秤座上的月亮有时很具有依赖性。你本性是相当独立的，但是你对他人的支持和同情也相当依赖。这一性格中的矛盾就是你崇尚个人自由，可是表面上由于对支持的需要和依赖会导致你受制于别人，因而你很难真正自由。当你自己有了想法时，你会无视他人的感觉、观点和愿望。在一件事上多延长一会精力集中的时间，对你来说很难。甚至在你怎么看都像是在努力工作时，你都会做白日梦。你性格中过于夸张的一面使你很难脚踏实地，讲求实际。<br><br>

白羊座与天秤座是相对的星座，代表你生于满月之时。大部分生于满月的人都倾向于浮躁不安，甚至内心时时感到不满足。你也许会经常换工作，以致永远得不到成就感。多反省自己的态度和想法，以免流于轻慢或是墨守成规。天秤座的月亮使你追求豪华，但是白羊座却并不重视物质。假如你真的酷爱奢华的生活，就应该多发挥你的本领了。最好能有两份收入，多一点变化也比较能满足你。<br><br>

建议：取悦别人耽误自己<br><br>
"
ar,sc,"太阳白羊+月亮天蝎<br><br>

优点：自食其力<br><br>

缺点：自闭冷酷<br><br>

性格解析：<br><br>

你是个很有实力的人，对此你自己也予以认可。即便事情进展不顺利时，你也不会心灰意冷或有意放弃。你总是不断攀登新的山峰，迎接新的挑战。你喜欢变化和革新，你总是强烈渴望能够参与任何竞争或骚乱。你或许看上去很温和，有副怡人的笑脸，但是不管怎样，别人清楚你不是个可以强迫的或是想当然的人。你既非物质主义者也非人道主义者，但你会努力奋斗以期赢得声望和敬仰。你真正寻求的奖励实际上是自己能对完成的工作和遇到的挑战感到满意。实际上，对你来说，你所做的工作可以自行结束。你能独力完成工作，也能给他人启发。人们会觉得你有吸引力又有趣。虽然人们多为你所吸引，反过来却不尽然。你可能没有什么知心朋友。你的多数时间似乎都花在了自给自足与自尊上了。由于你一向具有很强的自食其力的能力，当你可能需要别人的同情和关心时，你可能就难以得到足够的同情和关心。这于你并没什么大不了的，因为正如你对他人苛刻严格一样，你对自己也同样的冷酷与同样的毫不妥协。<br><br>

你的伴侣必须和你一样富有活力，能够体会你的需求。你也许善嫉，独占性强、疑神疑鬼。这些都是应该避免的缺点。<br><br>

只要控制住白羊座的猴急本性，不求速成致富，你应该是个精明的理财者。运用直觉去发觉和预测弱点。总之，请投资在长久稳定的大公司。<br><br>


建议：对别人多一些关心<br><br>

"
ar,sa,"太阳白羊+月亮射手<br><br>

优点：道德感强<br><br>

缺点：敏感性弱<br><br>

性格解析：<br><br>

白羊座的人天生能够做开拓者、勇士、实干者和创始者以及拥有新观念新思想，这些并没有因该组合而改变。射手座中的月亮具有强烈的道德感和荣誉感，而这是白羊座的鲁莽的性格中所没有的。你做事常采用非常情绪化的方式，这会使你很难意识到别人的感受。对于人性中的吝啬、感情用事和嫉妒等弱点，你理解欠足。你绝对会是一位领导者，虽然你可能不总是理解其他人，缺乏敏感性使他们也会挑你的毛病。在处理各种问题时，你总是倾向于采用大而笼统的方法，却很难适合解决实际的日常问题。<br><br>

你是个热烈的情人，能够令伴侣极为窝心。但是你有一点点双重性格的倾向，所以请务必当心。也不要待人太不客气。<br><br>

你很有冒险倾向，面对挑战时会立即作出反应。请多留意，不要犯下愚行。速成致富对你也有难以抗拒的吸引力，因为你有可能隐含赌徒的天性。<br><br>

建议：你的原则未必正确<br><br>
"
ar,cp,"太阳白羊+月亮摩羯<br><br>

优点：韧劲十足<br><br>

缺点：躲避困难<br><br>

性格解析：<br><br>


这一相位使你具备天生的管理和领导才能，因为白羊座的十足干劲中和了摩羯座的韧劲和审慎的判断力。你向往成功的内在动力无人可及。你非常清楚自己该往哪里走并且如何到达那儿， 你不会允许任何事物挡住你前进。你精力充沛决心坚定，你也不会把它们浪费在没有结果的事情上。作为一个非常老练的人，名气和声望是你的最高追求或者至少很接近最高追求。就个人而言，为了成功你可能会放弃很多东西。你或许能找到一位不错的伴侣，但婚姻绝对不是你生活中最重要的一部分，只相当于一件普普通通的事儿。你可能会愚蠢地把事业放在家庭的前面。<br><br>

摩羯座在情感上趋于冷静，所以白羊的热情会较为收敛，收放有度。你将会比其他白羊座的人忠于伴侣，对于比你富裕，地位比你高的对象尤其易于倾心。这并非好现象。摩羯座属于土相星座，十分脚踏实地和谨慎。不要让谨慎阻挠了爱情的萌芽。<br><br>

在财务和事业的发展上，谨慎、务实的本能对你颇有助益。白羊座的你喜欢大步向前走和冒险，但是当月亮照在摩羯座后，你会把速度放得较有规范和理性。<br><br>

建议：永远不要忽略家庭<br><br>
"
ar,aq,"太阳白羊+月亮水瓶<br><br>

优点：社交能手<br><br>

缺点：有些虚伪<br><br>

性格解析：<br><br>

你清楚什么是现代的进步的，并渴望能为进步做出重要贡献。你不是一个宽容的人，当你与他人一起工作时，你会觉得所有人都应自己照料自己。对待境况不如自己的人，你并不怎么仁慈。尽管如此，与生俱来的社交技巧，能使你所遇到的每个人感受到他们在你心目中都特别重要。你有令人印象深刻的高贵气质，仿佛表明你很自尊。这一相位出生的人有种贵族血统。这会给与你交往的人留下深刻印象，他们也因此尊敬你。你浪漫，喜欢追求完美。水瓶座崇尚亮丽、浪漫的倾向，使你奢好昂贵、稀有之物、名家设计的服饰和香水。而白羊座的积极个性更会鼓舞你挥霍无度。<br><br>

水瓶座的特性使你对感情比较理性，尤其是在关系发展之初更可能摆出事不关己的态度。不过水瓶座尚有非常浪漫和光明的一面。这些特质必定会改善你的态度。<br><br>


建议：要做到真正的宽容<br><br>
"
ar,pi,"太阳白羊+月亮双鱼<br><br>

优点：自我反省<br><br>

缺点：过分担忧<br><br>

性格解析：<br><br>

这种太阳星座和月亮星座的组合所产生的性格往往是内向的、自我分析的与自我反省的，一点也不像典型的白羊座类型的人。

虽然在很多方面你都有潜力，但你似乎总是心存疑惑低估自己的实力。天天要做种种决定，这经常让你难以忍受。然而奇怪的是，你性格中也有坚定的一面，一种渴望独立自由的需求。凭感觉带给你的印象往往会在你脑海里留下永远的印痕。你很难使自己避免情绪化与过分的担忧。你不愿让外界看出自己的胆怯害羞的一面。你不喜欢被别人施压，你会毫不害羞地让人知道这一点。你不擅长管理，你也不适合做生意。对你来说，做决定是件很困难的事。最好不要为此担忧，因为你可以专心于更适合你的事业，如艺术、音乐、写作或者任何需要创造性的工作。<br><br>

如火的热情和水相星座的双鱼座相结合，使你成为体贴的情人。不过请收敛双鱼的缺点：虚假。在寻找脱身机会时，这种缺点常会暴露出来。<br><br>

性急、不耐吃苦等等的特性也许会促使你选择风险高的事情。所以你需要一位事业上的好伙伴为你管好帐目。同时，你也应该控制过度投资和扩张的情况。<br><br>

建议：创造性工作适合你<br><br>
"
ta,ar,"太阳金牛+月亮白羊<br><br>

优点：意志坚强<br><br>

缺点：独断专行<br><br>

性格解析：<br><br>

你身上具有金牛的友善，温驯以及平和的特质，但是白羊带来的情感刺激使得金牛与生俱来的独断专行的特点越发明显。焕发的热情越发强化了你与生俱来的领导能力。遇事你总是思维活跃，努力寻找漏洞，弱点或矛盾之处。一旦你发现逻辑或事实中的错误，你的快速决断力就显现出来了，可以在几秒钟之内形成对问题的具体想法。如果你发现论据中有矛盾，你又会马上放弃先前的立场，而且同样坚定的支持相反的观点。你也许会易怒，不易与人相处。不过也由于月亮作用，你比其他金牛座的人容易忘却愤怒，情绪发泄过后就没事了。一般说来，你在与人沟通的能力上有困难，把你的努力用在事务性的活动上你将取得最大的成功。<br><br>

建议：多学习与他人沟通的技巧。<br><br>
"
ta,ge,"太阳金牛+月亮双子<br><br>

优点：语言丰富<br><br>

缺点：草率决定<br><br>

性格解析：<br><br>


金牛的缓慢和双子的速度，这两个冲突的因素造就了一个随时准备范判断错误的金牛座人。这一星座组合总是有对他人过于吹毛求疵和内心浮躁不安的倾向，属金牛组合中最不安分和最变化无常的组合。只有持续的挑战和刺激才能使你精力集中，学习和研究也能稳定双子的浮躁，减少他们的肤浅。让双子的机智得以表现。<br><br>

双子轻松的态度让你头脑容易迸发创意，能言善道的你友善又风趣，要吸引爱侣并不困难。但金牛的倔强及占有欲，以及两个星座共有的爱唠叨个性，容易成为伴侣的困扰。<br><br>

你可能不如一般金牛座的人在金钱上那么小心，经常会垂青于迅速致富之道，后果自然是不堪设想。面对这种问题时，千万不要凭感觉做事。<br><br>

建议：只有学习才能稳定你的天性。<br><br>
"
ta,cn,"太阳金牛+月亮巨蟹<br><br>

优点：圆滑精明<br><br>

缺点：消极悲观<br><br>

性格解析：<br><br>

你是一位十分踏实、理智的人，但同时拥有不凡的直觉，懂得应变，且想象力丰富。但由于比较情绪化，容易缺乏纪律。<br><br>

你生活中的基本原则和稳定因素是家庭。你深情、柔情和关怀等特质，对情人和家人都会展现积极的一面。金牛座的占有欲与巨蟹座的囤积本性具有相乘的效果，让你容易沉溺在往日会议或自我幻想中，很难从破裂的关系中站起来。<br><br>

虽然你为人随和，但切勿过分追求和谐，设立明确的目标，并勇敢的进行建立，才能使你的才能得到发挥。 <br><br>

建议：有必要勇敢面对冲突的时候千万别憋着。<br><br>

"
ta,li,"太阳金牛+月亮天秤<br><br>

优点：可爱随和<br><br>

缺点：惧怕压力<br><br>

性格解析：<br><br>

你的太阳星座和月亮星座的结合创造了最可爱的性格之一。其他人可能更智慧，更聪明，但是没人能比上这一组合的魅力和吸引力。你不善于解决复杂问题，它会限制你的想象力。你出众的平衡和谐感总是能防止你涉入深水纠缠其中，但当不慎卷入其中你将感到崩溃，而过度追求和谐，也会浪费你的时间。<br><br>
 
你也许不如其他金牛座的人那般嗜钱如命，但审美超凡的你，所追求舒适家庭环境，及丰富的社会交往，都让金钱变得十分重要。对你而言任何闲钱都应该审慎的投资，以便年老之时尚有退路。投资前应该向专家多请教，并且把你的想法告诉他。你将会学到许多秘诀。逐渐对处理自己的事务更有自信。<br><br>

建议：多和乐观、幽默的人呆在一起。<br><br>

"
ta,vi,"太阳金牛+月亮处女<br><br>

优点：尽职尽责<br><br>

缺点：过于实际<br><br>

性格解析：<br><br>

月亮和太阳都属于土象星座的你非常务实。别让多虑和缺乏自信的毛病，损及你享受人生的乐趣。你可能经常抱怨生活对待你的方式，些许逆境对你是好事，它可以使你觉悟，对待工作尽职尽责。如果完全按照自己的意愿，你有与生俱来的能力靠机智和实际的本性过活，情愿花最少的精力蒙混过去。而当你专心致力于一件事，结果会出奇的好。你天生是学生的料，反应快，记忆力也强。你喜欢读书，而且你能领会并抓住别人也许会忽略的东西。尽管你很倔强，讨厌别人告诉你该做什么，但是你又倾向于做次要的角色那因为你对于掌权和承担责任没有干劲。<br><br>

金牛座与处女座皆为土相星座，强化了你踏实的性格。你可能热爱园艺，能够培养出美丽的室内植物，时常需要与土地亲近。乡居生活对你也很重要，所以你如果在市中心工作，最好可能住在公园附近，或者尽量多到郊外走走。当你恋爱时，不要阻碍金牛座赋于你的表达能力和柔情。你也可能有对伴侣吹毛求疵的缺点。请记住建设性的批评远较挑剔、讥讽管用。处女座对金钱很谨慎，这一点在你身上尤其明显，如此一来反倒遏止了金牛座浪费的坏习惯。<br><br>

建议：逆境中不要总是抱怨，那只是对你小小的考验。<br><br>
"
ta,le,"太阳金牛+月亮狮子<br><br>

优点：诚实果敢<br><br>

缺点：骄傲冲动<br><br>

性格解析：<br><br>

虽然月亮狮子给你带来了不可避免的骄傲，喜欢或讨厌一个人你的依据仅仅是直觉。但你性格中稳固和坚定，让你成为一个具有建设性的人。创新能力和实用主义是你性格的特征，它们使你对如何创立，组织或计划事情具有与众不同的敏感。<br><br>

金牛座和狮子座的人都喜欢舒适豪华的生活，因此你很会花钱。发挥天生的生意脑筋有助于维持这种生活水准。你的观察力因为狮子座的影响而增强，所以随时能够接手和处理危机。金牛座的太阳使你极端可靠和理性。人们会理所当然的相信你有应付难题的本领，甚至因此利用你，不过你并不介意。弄清楚事情的轻重缓急，你就会把时间用在刀口上而获得最高成效。但金钱固然重要，内在的满足也很重要。恋爱中的你表达感情的方式流畅且积极， 对伴侣非常慷慨。<br><br>

建议：不要总是因为直觉去喜欢或讨厌一个人。<br><br>
"
ta,sc,"太阳金牛+月亮天蝎<br><br>

优点：善恶分明<br><br>

缺点：极端情绪<br><br>

性格解析：<br><br>

你非常任性，固执而且独立，有很强的占有欲。你喜欢被注意且毫不羞涩。对异性来说你魅力非凡。但满月出生的你容易浮躁不安，一旦情绪失控，释放出的喜怒无常十分令人害怕，所以你必须格外留意这种倾向。<br><br>

你每天的工作必须能够消耗掉精力，并且获得心灵的满足。你具有一切使你前进的本领，从而很容易走得更远。然而奇怪的是，你前进的野心往往并不如与你同行的对手强烈。你需要不时的释放自我给予的压力以避免容易受其影响。<br><br>

建议：尽量不要当着别人面释放你的情绪。<br><br>
"
ta,sa,"太阳金牛+月亮射手<br><br>

优点：擅长交际<br><br>

缺点：自以为是<br><br>

性格解析：<br><br>


你宁愿你个人呆着也不愿意和你认为无趣的人在一起， 但同时你又能和各种各样的人交往且懂得什么时候说什么话。你真诚果断的表达，成为你谋取个人利益的武器。你坚持崇高的原则和规范使你看起来像个道德家。你认为你有资格这样做因为你是个好人，遵纪守法，还很传统。你总是乐于跟人交换小道消息，散播流言。你喜欢美好生活、充实和精神满足，还要愉悦奢华，爱冒险的本性可能波及你对金钱的审慎态度，而遭来恶果，所以为确保生活的稳定性，请采取更为金牛的保守态度。<br><br>

你在爱情的关系中需要相当的自由。这其实和金牛座的跋扈本色有冲突。你也许会痛恨伴侣霸占你，一方面自己却使对方难以分身。这个问题你应该特别留意。此外射手座的热情会使你的爱情生活生色不少。<br><br>
"
ta,cp,"太阳金牛+月亮摩羯<br><br>

优点：感情持久<br><br>

缺点：不会享受<br><br>

性格解析：<br><br>

你温柔随和。但叫你作违背你意愿的事是绝对不可能，毕竟你可是两个最固执的星座的集合体。你稳健，坚定，几乎不轻佻也不想入非非。你不会浪费时间做白日梦因为你太现实。你可能花大量时间计划，归拢事情，但你更愿意解决客观实际的事务。你值得依靠，他人将问题或项目交与你寻求帮助。事实上你享受责任感，胜于享受权力带来的认可和能量。好好利用摩羯的野心与金牛的踏实，打造属于你的局面。<br><br>

你应该很善于运用金钱作投资，赚取稳定的收入。<br><br>

建议：多放松可以帮你以良好的状态面对危机。<br><br>
"
ta,aq,"太阳金牛+月亮水瓶<br><br>

优点：迷人风度<br><br>

缺点：有些懒惰<br><br>

性格解析：<br><br>

你迷人的风度和悦人的举止像磁石般吸引着他人，你可以用你的圆滑和友好的说服达到目的。同时。有时你又太轻易相信不值得信任的人。你能够深切地感受事物，然而由于你外部个性中的冷漠特征迫于情感压力又极少全情投入。你懂得如何控制，明智的指引你的感情使其服务于你的人际交往。你自尊心极强，它会帮助你生活中取到成就。你的友善，叫人放松的能力使你取得成功最大的资产。<br><br>

你拥有突出的，好学的头脑，好奇心强，善于创造。你天生就有和色彩图案打交道的能力，艺术天赋充足。你并不需要过多的物质，所以在这方面你不会得到很多。<br><br>

建议：物质对于你可能不那么重要，但是有时却不得不去考虑。<br><br>
"
ta,pi,"太阳金牛+月亮双鱼<br><br>

优点：无私奉献<br><br>

缺点：纵欲倾向<br><br>

性格解析：<br><br>

你有丰富的创造力和想象力，喜欢做梦，有点不切实际。你对感情方面极其敏感，对爱和奉承没有抵抗力， 易受朋友和伙伴的影响。因此你选择朋友时应该运用你的鉴别力，你性格中的负面倾向容易招来别人利用你的纯真善良的本质来欺骗你。你对待生活严肃认真，但是将自己排除在外地看待周围的事物会使你失去对现实的认识， 如果你允许自己自然地对待别人，你会非常可爱。你固执的性情可以保护你，但不要任其发挥得过于强烈。有时候沉溺于某事的倾向会带来困扰，比如过多的担忧，吃得太多，纵欲，过分享乐等。避免为自己过分忧伤，懊悔。向人们打开心扉，积极乐观地面对，你会做得更好。<br><br>

乐善好施可能会危及你的存款额度，所以当别人对你诉苦时，请保持冷静。投资前应该找专家研究，以免双鱼座不切实际的个性害惨了你。<br><br>

建议：小心那些利用你的善良欺骗你的人。<br><br>


"
ge,ar,"太阳双子+月亮白羊<br><br> 

优点：睿智健谈<br><br>

缺点：独裁倾向<br><br>

性格解析：<br><br>

你最大的性格特点就是缺乏耐心，容易冲动，别人看来你有源源不断的生命力。无论何时何地，总是闲不住，不是忙忙碌碌，就是处于整装待发的状态，因此你的朋友很多，但睡眠很少。你会是一个出色的领导，你的自信，让其他人希望被你重视，而且你看起来明白你自己要做什么，怎样去做。从好的方面讲，你充满雄心壮志，在你选择的道路中总是能说服自己用正面和自信的姿态去面对。你是一个有趣的同事，也是一个危险的敌人——尤其是在唇枪舌剑里。<br><br>

你在生意上尤其精明，以一种近乎独裁的方式处理事务。情感上你没有隐藏很深的地方，你明白你自己喜欢什么，不喜欢什么。很难有人把你长久的留在身边。身体上和情感上，你都需要不断的漂泊。<br><br>

建议：不要过于依赖你的小聪明。<br><br>
"
ge,ta,"太阳双子+月亮金牛<br><br>

优点：可爱知性<br><br>

缺点：不会伪装<br><br>

性格解析：<br><br>

机灵却肤浅的双子得到了金牛踏实性格的补充，你的太阳星座和月亮星座的结合产生了最受欢迎的个性之一。你的智慧吸引着你的朋友，而你的沉稳维持了你们的友谊。两个星座都外向而善于交际，而且流露出真实不造作的自信。<br><br>

你的判断力和商业敏感成熟而准确，透过结论看任务的决心让你的流畅的思维引人注目，而这一特点正是大多双子座所缺少的。因为阅人无数，你很少被欺骗愚弄。对于你的大多数竞争对手来说，你太聪明了，但你不会让他们知道他们学识浅薄，这会伤害他们的感情。你对社交的敏感超越一切。<br><br>

建议：不要吝惜向别人传授你的经验。<br><br>
"
ge,ge,"太阳双子+月亮双子<br><br>

优点：精力无限<br><br>

缺点：欠持久力<br><br>

性格解析：<br><br>

太阳月亮双子的双重叠加，让你想一道闪电，迅速且充满能量，但这股能量一闪而过并不持久。这个问题导致你的精神不集中及肤浅的问题被放大。对于那些不需要很大的毅力就能完成的事情，不需要经受长期的考验就能赢得的感情，或者不需要他承担过分的义务和责任的工作，他都能充分地表现自己的才智。而且你非常需要倾述对象，需要别人给你带来安宁。
你口齿伶俐，思维敏捷，机灵而智慧。你的头脑很善于从事商业或法律的工作，因为在你做决定时，你不会被情感所左右。但学习专注，沉稳是你的挑战。<br><br>

建议：培养自己的专注力，集中精力做你喜欢的事。<br><br>
"
ge,cn,"太阳双子+月亮巨蟹<br><br>

优点：直觉力强<br><br>

缺点：情绪干扰<br><br>

性格解析：<br><br>

你有双子座少有的情感深度，当你的机灵不能解决问题，你的情感总会补充，你的想象力及直觉都因为巨蟹得能量大大提升。但也带了爱幻想，以及犹豫寡断的性格。当你遇到让人紧张的问题，集中你的注意力就是控制问题的关键所在。你仍然缺乏内在得平衡，需要旁人把安静带给你。<br><br>

你既富有幽默感，又有诗人般奔放的激情。这是个天生的旅行家和魔术大师的性格。<br><br>

建议：集中你的注意力就是控制问题的关键所在。<br><br>
"
ge,le,"太阳双子+月亮狮子<br><br>

优点：内心忠诚<br><br>

缺点：易被误解<br><br>

性格解析：<br><br>

外在的乐天派的性格掩盖了你成熟理性的本质，正如你外在的善变隐藏了你内在的忠诚和真实。你也许在很多方面善变，但当你与人相交或处理行动。你会坚持到底。你的思想从一个主题转向另一个主题，从一种关系转向另一种关系。但迟早这种摇摆和飘荡会停住，你会定位真正的自我。<br><br>

思想丰富，知识广博，才气不凡，让你拥有众多好友。追求节日般欢乐的生活，让你拥有进入社交界的天赋。这一生辰星位人的缺点是精力涣散，缺乏持之以恒的精神。感情上有些轻率，注重表面，常常忽略事物的实际价值。生辰星位在水瓶座，太阳在狮子座或月亮在双子座的人，生活在一起，会与你志趣相投。<br><br>

建议：面对困难时不必垂头丧气，你拥有比别人多一些的好运气。<br><br>

"
ge,vi,"太阳双子+月亮处女<br><br>

优点：雷厉风行<br><br>

缺点：紧张情绪<br><br>

性格解析：<br><br>

双子的智慧及语言能力因为处女的严谨教条，而变得不那么可爱。你喜怒无常，十分情绪化。爱钻牛角尖，习惯把事情搞得过于复杂。在你的性格中，有种紧张和神经质的情绪，这即可能时你的优势，也可能是你的缺点－取决于你如何运用它。你对人苛刻，能在他们的推理中发现错误，而你从不掩饰，直接把错误揪出来。你被认为是“直肠子”，你的雷厉风行让人印象深刻。虽然你的言语有时很尖锐，但是你从不会在情感上有报复倾向，你也从来不会有意无理取闹。你擅长交际，为人风趣，有种不加修饰的智慧和幽默感。虽然看上去不太象，你还是能够很严肃认真的做些事情，你能让自己把一项工作进行到底，而且，你会取得成就，尤其当这项工作包含精神处理过程的时候。你的思想如钉子般锋利，而且你有事实和逻辑去指引你的每一步行动。不幸的是，你更喜欢夸夸其谈你的理论和计划，而不是把他们付诸实践。学会更好的放松自己，并且对眼前的世界感到满足会对你有很大帮助。<br><br>


建议：与别人产生分歧时，言语不要太尖锐。<br><br>
"
ge,li,"太阳双子+月亮天秤<br><br>

优点：优雅迷人<br><br>

缺点：浮躁多变<br><br>

性格解析：<br><br>

你的太阳星座和月亮星座的结合产生了一种优雅，欢快，阳光，让人喜爱的个性。你好动，聪明，有充满智慧的幽默感。你能以一种迷人的方式说服生活在你身边的人按照你的思考方式思索。若你有很多有影响力的朋友，从事某种专门的职业，这种定位将会对你大有脾益。但是，你不喜欢勤奋工作，当你的工作需要你的专注和持续努力的时候尤其如此。
他需要和谐的生活环境，时时刻刻在寻找生活的绿洲。他的生活离不开朋友的往来、感情的交流和社交活动。<br><br>

建议：对自己的职业定位要准确，多与专业人士交流。<br><br>

"
ge,sc,"太阳双子+月亮天蝎<br><br>

优点：深藏不露<br><br>

缺点：过度放纵<br><br>

性格解析：<br><br>

你的太阳星座和月亮星座的结合产生了思维敏捷，情感深藏不露的性格，让你成为了特别有影响力、迷人和博学的人。你尤其灵敏好动，也极易听取别人的意见。令人吃惊的是，这些独特的特征却不足以让你成为领导角色。在拥有你所有这些品质的同时，你也很容易被说服，被影响。有时甚至在做你自己认为可以胜任的工作时被引入歧途。<br><br>

你从不反对进行尝试或冒险。跟随感觉永远吸引着你，这在你的行动中，甚至在你对朋友的选择上都有所体现。你宁愿花精力去追求个人乐趣也不愿认真的工作。你能及其专注的追求某一目标，却从不会坚持很久。如果你不多加小心，你会因为过度放纵和插手太多东西而陷入困境，而你又不是一个很小心的人。当你把你的精神和感情都倾注到同一个方向，就没有你做不成的事情。<br><br>

他总是探索人和事物的本性，以便更好地为我所用。青少年时代性格比较内向和怯懦，真正的性格将在成年以后才能表现出来。<br><br>

建议：不要插手太多事情而使自己陷入困境。<br><br>
"
ge,sa,"太阳双子+月亮射手<br><br>

优点：真挚博学<br><br>

缺点：有些自负<br><br>

性格解析：<br><br>

你的太阳星座和月亮星座的结合产生了无法控制的个性。你真挚，诚恳，不知疲倦。你极富个性的天性让你一直表现优异。你是那种对各门知识都有所了解的人，你也确信对任何主题都有自己的看法。奇怪的是，虽然你对各门知识的了解相对浅薄，你却能严厉抨击任何和你持不同意见的人。你天生并不擅长分析和科学的评判。严肃的专门精神训练对你抑制你好动的性格是必要的。你的智慧，敏捷，灵巧会让你青云直上，但迟早你也会发现，你不得不接受世界并不是你想象的那个样子。内心常常潜在无名的忧虑，致使你的情绪起伏不定和欲远离现境。他的好奇心包罗万象，既需要得到别人的支持，又受不了过分的干预。人际关系及婚姻问题，在他的私生活中起着至关重要的作用。生辰星位或月亮在双子座，或太阳在射手座的人能平衡你的性格。<br><br>

建议：时不时提醒自己世界并不是你想象的那个样子。<br><br>
"
ge,cp,"太阳双子+月亮摩羯<br><br>

优点：擅长分析<br><br>

缺点：有些自闭<br><br>

性格解析：<br><br>

你的太阳星座和月亮星座的结合产生了罕有的聪慧精明的个性。在你面带微笑，风趣幽默的温柔外表下是钢铁般的内心，坚强的意志和万丈雄心。你能面对任何挑战，尤其是需要冷静头脑和客观分析的挑战。你的作风镇静，迷人，让人没有戒心。这让你轻而易举就能荐举自己，谈成协议，取得事业的成功。<br><br>

你和蔼可亲，善于交际，为人大方，人们在你旁边会很放松，卸下自己的防备。你外向而友善，你似乎总能让别人充满自信，取得成功。你的思维结构完善，天生具有分析评议的本领。你为人公平，值得尊敬，却也会精明的讨价还价。你很好的控制了你的紧张和好动，你看起来富有激昂的雄心壮志。这对你来说是很好的品质，让你不会太直接对别人敞开心扉。你很敏感，能觉察到别人的敏感之处。与其说你创新或怀旧，不如说你善于分析。你注意交际手法，让你在成就自我的时候极少与他人为敌，极具外交家风范。<br><br>

建议：在信任的人面前就卸下自己的防备吧，让自己放松一下。<br><br>
"
ge,aq,"太阳双子+月亮水瓶<br><br>

优点：快乐包容<br><br>

缺点：欠缺耐力<br><br>

性格解析：<br><br>

你在广泛的领域富有智慧的个性，让你能够声名远播。你的思维能抓住细节，同时又顾全大局。你似乎既有远见又富洞察力，能看到事物的真实又能明了其发展的趋势。你神奇的预见力或者说直觉让你成为少数能有远见，了解自己何时应改进的人之一。你是真正的激进派。你能用清晰简练的方式组织表述你所了解的东西。你是真正的人道主义者，大方而且渴望帮助他人。所以你能在你所从事的任何行业树立典范。你好像能以浪漫的眼光看待生活，能发现而不是创造你周围的美好事物。你极富哲学气息，善解人意，为人包容，和很多人都能成为朋友。所以你的朋友很多而且对你非常忠诚。当你做的事情遇到限制和阻挠，你会情绪十分低落。日常牵绊你的工作和事物让你难以忍受。你的思绪敏捷而富有变化，你能够也常常会得心应手的处理任何一方的争端。你神秘而风趣，永远是能让周围人快乐的人。<br><br>

建议：不要让日常琐事牵绊住你的思想。<br><br>
"
ge,pi,"太阳双子+月亮双鱼<br><br>

优点：善解人意<br><br>

缺点：缺乏信心<br><br>

性格解析：<br><br>

你的太阳星座和月亮星座的结合为你提供了高度的第六感，这帮助你在世上将生活进行下去。这种混合是最博学，最善变的性格，但是有时不停的改变和反复无常会是你的问题所在。对你来说，生活中遇到的第一个挑战是学习有难度的课程－－专注。虽然你的博学可以让你在任何领域找到机会，你真正的天赋却在脑力，文学，艺术方面。<br><br>

你骨子里总感觉自己被误解。你十分内敛，经常持有与事实不符的固定观点。虚无缥缈的思想使他常常漂浮在一种既看不到过去，也看不到未来的模糊意境中。过分的敏感与优柔，使他变得感情脆弱，有强烈的怜悯之心。过于丰富的想象力使他对事物常产生失真的看法，从而导致忧心忡忡，有时对区区小事也感到焦虑不安。轻信别人而缺乏自信，他需要理解和鼓舞，否则他的爱将难以坚定，感情也不能持之以恒。生辰星位在处女座，或月亮在双子座的人，能弥补他性格上的弱点。<br><br>

建议：不要滥用你的第六感与想象力。<br><br>
"
cn,ar,"太阳巨蟹+月亮白羊<br><br>

优点：热情好客<br><br>

缺点：个人主义<br><br>

性格解析：<br><br>

这种太阳星座和月亮星座的组合使你思维敏捷，记忆力惊人。你有强烈的自尊心和坚定的决心。不过，这根本不会令你以自我为中心或无视他人的感受。事实上，你对周围的人敏感度很高，你的生活信条就是""己所不欲勿施于人""。<br><br>

如果受到侵犯，你常常会迅速的做出带有明显情绪化的回应。然而这种情绪并非挥之不去，你会很快冷静下来，回归正常。有时你会不假思索地说些令你之后后悔的话。这有点不幸，因为你的动机往往是很单纯的。虽然你本意可能是好的，也会为朋友两肋插刀，但你不太会尊重他们的想法。你可能会不假思索就摒弃朋友的想法和信条。你生性多疑， 比起做生意来，你从事人文工作或艺术工作会更容易成功。对你而言，人性与思想要比金钱更具吸引力。<br><br>

建议：小心那些有意激起你情绪的人。<br><br>
"
cn,ta,"太阳巨蟹+月亮金牛<br><br>

优点：谦虚谨慎<br><br>

缺点：有些吝啬<br><br>

性格解析：<br><br>

你做事谦虚谨慎，从不装腔作势，对于同样有这种特点的人，你会有好感。你很少与他人分享自己的内心感受。当然，没必要过于孤僻自闭，只要在与人相处时小心谨慎即可。真诚和忠实是你的两大主要特点，同样，你要求与你关系很近的人也能做到这两点。你知道自己需要的是什么，你喜欢自省，因而十分了解自己。你极为敏感，但是有很好的均衡感和较强的洞察力。亲切、善良、十分眷恋自己的亲人和家庭。热爱大自然；喜欢简朴的生活及经常与亲朋好友聚会。他比较愿意呆在家里，不愿轻易改变自己的见解和所遵循的习俗。渴望小康生活，喜欢身边有许多孩子，家庭充满欢乐与和谐的气氛。你有强烈的物质欲，金钱对你的吸引力很大。你清楚该如何积累财富如何投资。<br><br>　

建议：金钱方面该出手时就出手。<br><br>
"
cn,ge,"太阳巨蟹+月亮双子<br><br>

优点：敏锐热心<br><br>

缺点：优柔寡断<br><br>

性格解析：<br><br>

这种太阳星座和月亮星座的组合使你具有很强的敏感性和洞察力。灵活多变是你的优势，但有时也可能是你的弱点。你享受群体的感觉，总期望能给他人带来快乐，身边的人会影响你性格趋向的好坏。你是一个热心且富于同情心的人，没有什么能逃得了你敏锐的头脑。你的感情很容易受伤，除非你学会避免这样的事发生，否则你大部分时间里都在沮丧之中。<br><br>

这个配置在女性身上比男性要好。它给女性带来灵感，给男性则带来情感上的犹疑。他们的挑战，在于酝酿专注的品质和使命感，培养对目标的忠实与诚恳。<br><br>

建议：扪心自问你真正了解自己吗？<br><br>
"
cn,cn,"太阳巨蟹+月亮巨蟹<br><br>

优点：非常顾家<br><br>

缺点：戒心过强<br><br>

性格解析：<br><br>

两个巨蟹座在一起， 进一步增加了你性格中情感的分量。你会是一个极易动感情而且胆怯的人。你的自我保护意识太强，好像总是等着别人主动来与你建立关系。由于大多数人各自忙于自己的事情，往往不能理解你的这种性格，因而你可能会有种受冷落被忽视的感觉。你无法走出自我，主动接触他人。尽管你不是那种以自我为中心的人，然而你给人的表面印象却是那样的。<br><br>
虽然你非常顾家，会是一个爱护子女的家长，但是你不可能过早结婚而且以你的性格很难获得稳定的踏实的婚姻生活。你可以成为一位机智的外交官，因为你的处事风格就是能够围绕一个问题周旋，可以避免冲突。<br><br>

建议：勇敢地走出那个你用来保护自己的壳，外面的世界很精彩。<br><br>
"
cn,le,"太阳巨蟹+月亮狮子<br><br>

优点：重视尊严<br><br>

缺点：自以为是<br><br>

性格解析：<br><br>

性格方面你自信积极，重视尊严，有较强的自尊心。你坦率外向，平易近人。你总是努力给人留下良好的第一印象，因为你是一个自尊心很强的人，很在意别人对你的看法，但是你总能设法与大多数人保持适当距离，决不会跟很多人走得太紧，因为你不信任他人你可以应付突发事件，在适当的时间作适当的事情。<br><br>

你做事干净利落有条不紊，你讨厌与邋遢之人为伍，也不喜欢呆在混乱不堪的环境中。你自恃过高，甚至常常到了有点自负和自以为是的地步。你知道该如何达到自己的目的，而同时又可以然别人感觉他们是赢家，做让步和妥协的是你。在你温文尔雅的外表之下实际上是别人无法意识到的独立与坚定。<br><br>

你有自己独特的审美观，爱好艺术和戏剧，希望在到处都有方便之门的意境中生活。事实上，你也很容易把运气、成功和好感吸引到自己身上。<br><br>

建议：不要太在乎别人是否喜欢你。<br><br>
"
cn,vi,"太阳巨蟹+月亮处女<br><br>

优点：服务精神<br><br>

缺点：胆小拘谨<br><br>

性格解析：<br><br>

你恪守常规、谨小慎微以及朴实无华。在你没有机会深思熟虑并确定自己做了正确选择之前，你是不会做出决定的。早期阶段你可能特别腼腆胆小拘谨，看上去不够自信。然而随着你逐渐成熟，你的自信心也逐渐增强，因为你内心渴望吸收知识，掌握各种细节。你推理和分析问题的能力很强。尽管如此，你凭直觉的仓促的判断经常会出错，尤其在判断他人时。但是若多给你些时间，你会很擅长看清别人的需要。某种程度上讲，你天生乐于为公众服务，满足他们的需求。你很会处理有关权力的问题，因为你是一个尊重原则、道德标准、法律法规和传统习俗的人。<br><br>

建议：培养自信心对你来说永远重要。<br><br>
"
cn,li,"太阳巨蟹+月亮天秤<br><br>

优点：吸引力强<br><br>

缺点：疑心很重<br><br>

性格解析：<br><br>

这种太阳星座和月亮星座的组合产生的性格有些怪异，既有独立的一面又有依赖的一面，充满矛盾。巨蟹座那面的你想退缩，情感重，而天秤座那面的你希望直面问题，保持客观冷静的头脑和分析问题的能力。是客观冷静还是以情为重，一直使你左右为难。<br><br>

你有吸引他人使他人愿意接触你的魅力。社交方面，你总是赢家，不过常常是在人多而不是在人少的场合。你喜欢有人陪伴左右，也希望别人能对你所做的事给予应有的关注。然而你不大会以同样的方式去对待别人，因为在你与他人之间存在一道自我保护的屏障，生性多疑与擅于分析别人使你们之间总是保持一定的距离。你天生就有可以辨清周围人的优缺点的能力，除非是几无瑕疵之人，否则一般人很难穿越那道屏障，与你挚交。<br><br>

你有很好的艺术感和美学鉴赏能力都很强，喜欢娱乐。对周围的纷杂事情容易过分分心，做事缺乏耐力。<br><br>

建议：是独立？还是依赖？That's a question. <br><br>

"
cn,sa,"太阳巨蟹+月亮射手<br><br>

优点：自立直率<br><br>

缺点：原则过多<br><br>

性格解析：<br><br>

巨蟹座中的太阳与天蝎座中的月亮这一组合所产生的性格融合了谨慎小心、坚定顽强与射手座的豪爽、自立。这一组合使你更善于交际，行为举止更前卫。在待人接物方面，你天生就是一位哲人。在很多方面，你都能做到泰然自若。当你真正表现地彬彬有礼机敏圆通时，你坚定而又果敢。与人交流时，你很坦诚直率，别人可以很容易理解你想表达的意思。怯弱胆小不会出现在你身上。<br><br>

可能是个旅行家，也可能是个无所事事的人。你被奇异的幻想所驱使，经常寻找逃脱现实的可能性。性情幽默，无忧无虑，热情好客，看待人和事物喜欢从积极处着眼，常给人留下极好的印象。你喜欢在不断改变自己的反应力和情趣的意念中生活。行为有时轻率，常常导致爱情生活的不和谐或离异，也可能促成很大的不稳定性。他在心理学和洞察力方面会有很大的发展潜力。<br><br>

建议：激励别人的同时别忘了激励自己。<br><br>

"
cn,cp,"太阳巨蟹+月亮摩羯<br><br>

优点：坚定不移<br><br>

缺点：无<br><br>

性格解析：<br><br>

你具有勃勃的雄心和坚定的意志。但这一特点在和蔼可亲善解人意的外表下掩藏的很好。你能胜任公共和政府部门的工作，并很容易因此而得到大家的认可。如果你能努力在公众面前取得成就，威信和地位会随之而来。你做事果敢自信，因为你总是乐于承担职责，并努力完成任务。你期望得到需要付出巨大努力才能得到的东西。你看重那怕是一美元的价值，但你发现投资是值得的时候，你会毫不吝啬。高度的自律性能让你未雨绸缪，勤俭节约。<br><br>

他们最好能够在家办公；从事和感情相关的工作。<br><br>

建议：不要自责，你已经做得很好了。<br><br>

"
cn,aq,"太阳巨蟹+月亮水瓶<br><br>

优点：客观独立<br><br>

缺点：有些傲慢<br><br>

性格解析：<br><br>

你拥有客观的思维，因此能关注到社会层面的问题，并以此希望突出自己的与众不同。你从不轻易向身边的人暴露自己的内心世界。但你自有一套与人交往的方法，很少花费精力去结交朋友。出身高贵的你不会屈就别人，只会让别人向你的层次看齐。你常常批判他人，但意图往往是好的。你看上总是很忙，好像同时在思考很多问题似的。<br><br>

建议：不要总是想批判他人，尽管你的意图是好的。<br><br>
"
cn,pi,"太阳巨蟹+月亮双鱼<br><br>

优点：直觉很准<br><br>

缺点：很难信任<br><br>

性格解析：<br><br>

你情绪极不稳定，容易激动。你的感想丰富，直觉判断力通常很准，多愁善感。你性喜和平，容易顺从他人，很少挑起争吵。讨人喜欢、友好、讲究策略是你的特点。因为你不是好争执的人，你表现得非常彬彬有礼，以至于很难辨别你到底持有什么观点或那种观点你能坚持多久。这并不是说你没有自己的立场，只是你不愿引起冲突和争执，所以往往不向别人表明自己的观点。虽然你过度的敏感，但颇富浪漫情调，头脑中经常闪烁着灵感的火花（尤其表现在音乐和艺术方面）。性格上存在着一定的被动性，这些都使你容易接受生活的现实。友谊和爱情是你生活的动力。<br><br>

建议：过于谨慎可能会让你免受算计，但同时你也失去了很多快乐。<br><br>
"
