ar,ar,"太阳白羊+月亮白羊=永远冲在前方的射手 <br><br>

优点：开拓精神<br><br>

缺点：有些反叛<br><br>

性格解析：<br><br>

太阳星座在射手，月亮星座在白羊，这样的结合使你精力过人，并且具有开拓精神。只要能推动你的目标，并且能让你冲在第一线，即使是一些普通的事情，你也会为之努力。喜欢承担责任，并且尽自己最大的努力去完成。有着射手座的真诚、谨慎、善于表达和多才多艺；白羊座的自信、野心和热情。兴奋，冒险和进步是你所追求的。有时敢作敢为的性格使你达到设定的目标。如果能避免不安、冲动和行事草率，做到三思而后行会使你受益。你需要深思熟虑，有时匆忙行事只会使你粗心大意。做事前考虑周全你的主意和计划。你抱有强烈的信念，伟大的理想并且坚守原则。考虑问题灵活，修改计划和想出计划一样迅速。你是个领导者，如果你负责某件事情，进度将会很快。天生的执行者，从不惧怕做出决定。<br><br>

你对爱情的态度热情如火，将会使你在这方面享尽美好的经验。你不一定会对爱情关系太认真，因为你会在热情之余带点轻佻。请注意白羊座最大的缺点是自私，所以你对伴侣也许会非常自私。你具备白羊座的热情，善于沟通，对伴侣的欲望和建议，你的反应会很好。最幸运的是白羊座的自私习性在你身上比较缓和。<br><br>


建议：每天默念四个字 ― 适合而止。<br><br>"
ar,ta,"太阳射手+月亮金牛=永远跟随同伴的射手（双重幸运的配置） <br><br>

优点：温和忠诚<br><br>

缺点：过于自满<br><br>

性格解析：<br><br>

太阳射手月亮金牛这样的结合造就你温和，亲切和浪漫的个性。相当理想化，甚至有时想法过多造成负面影响。有追求有抱负，却并不野心勃勃。在生活中，你追求对理想的满足高过于对现实的满足。似乎对于日常琐事，比如如何谋生，并不太关心。对于工作，时常认为你的要求会得到一定的满足，事实也经常如此。相当相信别人。大多数情况下，别人的反应和你期望的一样。当别人的反应和你的期望不一致的时候，你会被惹恼，使你陷入困境。有着许多的梦想甚至幻想。当你遇人不淑的时候，会感到很失望，残酷的现实环境开始使你无力自拔。对于批评，你好象处理不好，并对此耿耿与怀。<br><br>

月亮在金牛座稳定了你喷火的性格，尤其是在面对考验时；也有助于节制不必要的冒险和盲目乐观的心态。金牛座是土象星座，因此能够阻止你草率行事，赋予你谨慎、理性和耐性――这些品格与射手座往往是无缘的，你遇到事情的态度是绝不立刻介入，先权衡利弊后才会展现天生的热情与活力。你生性谨慎，具有生意细胞，比大部分射手座的人擅长处理金钱。即使克制不住赌徒的天性，你还是不太可能贸然赔掉老本，做出眼高手低的事情。<br><br>


建议：要认清一个残酷的事实 ― 这世上值得信赖的人其实很少。<br><br>"
ar,ge,"太阳射手+月亮双子=永远四处张望的射手 <br><br>

优点：热情大气<br><br>

缺点：无法专注<br><br>

性格解析：<br><br>

在经济上，你天生就比较幸运，从来不用太担心。知道如何推销自己，赢得大家的威望。在你安顿下来之前，已经有了较多的人生经历。你需要用旅行、变化多样的生活，精神激励和你身上诸多的性格特点占用你极度不安的本性。稳定对你来说是个挑战，长期做一个工程，学习一门课程甚至和一个人呆得太久对你来说都是困难的。不能专注一个目标努力是你的弱点。然而，广泛的兴趣和热情使你能够有效地做好许多事情，并且取得持续的进展。你从来不能理解小气，对此你从不内疚。只要事情有合理的变化，你就能做好。由于内心的理想和信念加上冷静态度和良好的判断力，你确实能够达到你的目标。<br><br>

射手座和双子座都有变动的特质，这表示你在智慧和个性上都很有弹性，喜欢变化。这个特性你不必太介意。不过倒是要注意肤浅的毛病，这个毛病很可能是从二元的性格衍生出来的。所以做事力求有始有终，而且别忘了不安是双子座和射手座的通病，这个缺点在月圆出生的人身上也益发严重。你具备射手座的热情特质和双子座的调情手腕。二元性格很可能会在爱情生活中扎上一角。你比大多数的射手座更需要一个在心灵上能够与你契合的伴侣。<br><br>


建议：要适当地给身边的人一种稳定的感觉，哪怕是伪装出来的。<br><br>"
ar,cn,"太阳射手+月亮巨蟹=永远追随感觉的射手<br><br>

优点：直觉敏锐<br><br>

缺点：易走极端<br><br>

性格解析：<br><br>

这样的结合造就你理想主义和浪漫主义的性格。你是个梦想家和空想家。射手座的真诚，积极，热情和善于表达，加上巨蟹座的情绪化、敏锐的直觉和洞察力，使你的性格多变而敏感。想学的愿望加上实际的能力使你具有灵活变通、多才多艺、适应性较强。有敏锐的直觉引导能帮助你能摆脱生活中各种麻烦。情感上比较敏感，使你很能理解别人，知道他们想要什么。由于你情绪化的性格，你易于走极端。控制好你的冲动和热情。不要让情绪破坏理智。你在表达自己的感觉和同情心的时候显得有些冲动，因此在择友方面，有时是根据你的感觉，而并不是对他人的了解。如果择友更加小心，选择与那些公认的诚实、聪明和值得信赖的人做朋友，你会交到不错的朋友。常对自己要求过高，努力获得更多的认可。<br><br>

你表达爱的方式非常性感，具有各种优点，能够维持稳定而且兴奋的关系。你的感情很丰富，因为射手座的特性正是强烈和火热，在爱情方面的表现更容易突显这些特性，你也具备巨蟹座的柔情，对伴侣的需要会非常体贴。你也许不如一般射手座那么乐天。请千万注意不要让巨蟹座的抑郁情绪、犀利反应破坏了原本美好的关系。<br><br>


建议：如果把你的直觉正确地运用在商业上，获得成功的概率十分大。<br><br>"
ar,le,"太阳射手+月亮狮子=永远不走捷径的射手（容易成功的配置）<br><br>

优点：重视荣誉<br><br>

缺点：忽略他人<br><br>

性格解析：<br><br>

这样的结合使你非常专注：专注于荣誉，声望和地位。你不会为了达到目标走捷径、撒谎、欺骗和做不光彩的事情。荣誉对你来说极度重要，你说到就会做到。这两个星座火热的结合使你不需要非正当的优势就能取得成功，因为你有足够的精力和热情使你达到目标。即使别人早已放弃，你也会锲而不舍。你面对的任何障碍对你来说只是暂时的问题，你不会因此而一蹶不振。这是个非常好的结合，预示幸福和成功。你适合公共服务业，例如法律，教育和政府部门。这些职位对你来说，声誉比薪水更重要。<br><br>

你不太善于和那些拒绝进步和成长的幼稚之人打交道。聪明达观，心胸开阔，极富创造性。你的创造力在于你能在脑中形成一个形象，并且按照你设计的画面把它实现。你对待生活很认真，并且对于怎样最大的利用人生，你有强烈的感知力。除非你的计划确实乱七八糟，不然你定是一个极其优秀的人。月亮促使你对事情的态度比较认真、有组织能力，喜欢发号施令，而且愿意接受挑战。你的太阳和月亮都是火象星座，因此天生具有无比的热情与乐观，对人生的态度极端积极。<br><br>

建议：只要确保你的计划是对的，那么你很少会失败。<br><br>"
ar,vi,"太阳射手+月亮处女=永远稳速前行的射手<br><br>

优点：智商很高<br><br>

缺点：偶尔冲动<br><br>

性格解析：<br><br>

你悟性很高，既能掌握宽泛的概念，也能应对微小的细节。你发展良好的心智水平使你从宽泛的概念到技术上的细节游刃有余，在事业和职业上适应能力很强，是个多面手。在任何问题上，人们不用猜都知道你的立场。社会总是需要那些能思考在哲学上有实际意义问题的人。有时候你有些热心过头，但并不会冒犯别人。你有着外交家般迷人的风度，兼具领导者和指导者的权威。但有的时候应注意不要太冲动。如果你避免仓促行事，让自己承受一定的压力，这个时候你的状态是最好的。<br><br>

一般射手座的人不善应付细节，而你却恰恰相反，你对这类事情的反应良好，甚至在观察整体之前会先注意细节。你对问题的态度是挑剔而重视分析的，颇能够发挥同中求变的射手座本色，月亮收敛了你的热情，在爱情生活上可能比较放不开。本能的谦逊态度可能会使你在这方面自觉不如人。实际上你有许多优点，没必要自我贬仰。处女座的严重缺失是喜欢严词批评他人，而且往往并没有合理的立论基础。射手座的人是最憎恨这种行为的，所以在你忍不住唠叨时应该及时刹车。<br><br>


建议：让自己承受一定的压力，这样你才能走得更稳。<br><br>"
ar,li,"太阳射手+月亮天枰=永远保持优美步伐的射手<br><br>

优点：和平大使<br><br>

缺点：毅力不足<br><br>

性格解析：<br><br>
这样的结合使你成为和谐与安宁的化身。你拥有射手座的闯劲、乐观、热心和慎重；天秤座的机智、魅力和友善。这两个星座都很独立，但都不够有毅力。你对自己相当自信，这一点在与他人交往过程中可以反映出来，并且基本上对人比较了解，这些优点可以弥补缺乏毅力这一弱点。这一结合最主要的特点是良好的意志、快乐的性情和对朋友真诚的关心。你很善于避免争执，一旦发生争执，你通常是充当调停者的角色。为了赢得安宁，你甚至可以放弃立场。你的思想并不是很开放，有的时候甚至落伍，但是你是你所知道人里最有忍耐力的。理性多过感性，很少有事情会使你恼怒，你无拘无束地过着生活。你只是有着强烈的自尊心，不能忍受任何降低你尊严的事情，也不能忍受别人让你感到自卑，并非野心勃勃。<br><br>

你能很容易在商业上获得成功，因为你有良好的推断能力、准确的感悟力、很强的比较能力和不偏不倚的判断力。你知道如何摆脱极端化和过度的趋势。社交和朋友对你相当重要，因为成功和进步总和朋友和熟人联系在一起。你给人家留下的印象是你最大的财富。你对任何事情的反应都比较悠闲。请务必发挥射手座的潜力。身心双方面千万不可迟钝。射手座的火象与天秤座的风象是完美的组合。你的个性迷人，心地善良，待人体贴，富有同情心。<br><br>


建议：不要总是为了赢得安宁而放弃自己的立场。<br><br>"
ar,sc,"太阳射手+月亮天蝎=永远抱有明确目标的射手（不容易被打倒的配置）<br><br>

优点：干劲十足<br><br>

缺点：攻击他人<br><br>

性格解析：<br><br>
射手座开阔的视野加上深入问题核心的天蝎座的本性是良好的组合。你的情绪强烈、火热，但是善妒的毛病却值得注意。射手座和天蝎座的人都象上足发条一般精力无穷。射手座发挥的方式是活泼、积极的，天蝎座则比较深沉、直觉很强。你的能力和潜力都取之不竭，善于处理各种问题和麻烦。你的耐力和智慧是无人能出其右。有了这些特点，你在工作上必定能够完全投入，掌握到目标。如果得不到成就感，生活空虚，那么你将是最痛苦的射手座。如果你能够发挥生意头脑和直觉力，在金钱的处理上应该会非常能干。在金钱方面，天蝎座的能力应该超越射手座。<br><br>

天蝎月亮能迅速凝固射手太阳宽广的灵感。他们渴求机遇以证明自己的价值（这是好莱坞导演斯皮尔伯格和功夫巨星李小龙的日月配置）。月亮天蝎带来了恰到好处的矜持感，使他们能清晰有力、令人愉悦地表达个人观点和见解。他们在表达感情的时候会有些表面上的迟疑，但一旦得到鼓励，就能轻松地展现幽默感和对他人的欣赏。射手太阳让落陷的月亮更加容易发挥出正面的特质。 <br><br>

建议：要想成功，必须避免冲突，谨记！<br><br>"
ar,sa,"太阳射手+月亮射手=永远不会中途休息的射手<br><br>

优点：乐观积极<br><br>

缺点：敏感度低<br><br>

性格解析：<br><br>
这样的结合造成你冲动的性格。精神上和身体上你属于一触即发的，一点即着的类型。你会承担很多责任，因为你不愿事情半途而废，或者疏于管理。考虑问题全面，讨厌那些有悲观态度的人。即使没充分发挥自己的潜能，你也从不会沮丧。看问题比较抽象，善用苛刻的判断，也期望别人达到你的标准。你并不是没有情感，只是缺少一点敏感。你表达自己观点的方式很引人注目，象是盛大和隆重的场面。你很严谨，你的行为大部分是在常识和你理想中的观点基础上对外界的反应。这种结合适合做领导，当别人不接受你领导时，你会很快表达你正义的愤慨。你的个性更多的是客观冷静的，重视原则和理想多过具体情形和个人问题。<br><br>

你具有射手座各项特点，遇事的反应也是不折不扣的射手座。当别人提出一种观念时，你会立刻兴致勃勃的希望能够参与。你应该时时保持最初的热忱，否则很可能会犯下射手座的严重缺失：不安分。你是个变化无穷的人，但是在选择时应该有原则，不宜贪多嚼不烂，更应该有始有终。<br><br>

建议：要积极鼓励身边悲观的人们，而不是讨厌他们。<br><br>"
ar,cp,"太阳射手+月亮摩羯=永远在走上坡路的射手（木星与土星的完美融合）<br><br>

优点：有执行力<br><br>

缺点：无<br><br>

性格解析：<br><br>
射手和摩羯是一个注重实际，有执行力的结合。有着射手座的活力、乐观、热心、远见和慎重；摩羯座的雄心，精明和实际。思想和本能上的审慎使你在实际的基础上制定开放式的计划。良好的远见使你能勾画出事情的发展，并直觉地明白未来事业的发展道路。现实、有雄心，并且带有强烈的责任感。正直是你性格中重要的特点，这也为你赢来了完美的声誉。月亮在摩羯座使你时刻不忘自己的目标；太阳在射手座，更追求幸福和工作带来的自我满足。你是个能够平衡各个方面的执行者。<br><br>

太阳赋予你热烈积极的人生观，而属土的摩羯座则使你小心翼翼，不随便冒险。你有很大的抱负，面对考验时会立即看到最后的结果，随即开始设计自己要如何完成目标。射手座大致上是沟通高手，所以当你遇到效率不彰之事十，绝对不会拙于表达。请收敛怨天尤人的毛病，这并不是射手座典型的特性。在感情的流露上，你比其他射手座的人内向，在关系发展之初可能比较保守。这并不代表你无法享受爱情和性生活。你比较忠实，不会象一般射手座的人感情飘忽不定，在托付终身之前会有较多的考量。<br><br>


建议：可以多培养一些兴趣爱好来放松自己。<br><br>
"
ar,aq,"太阳射手+月亮水瓶=永远不走寻常路的射手<br><br>

优点：说服力强<br><br>

缺点：过于理性<br><br>

性格解析：<br><br>
这样的结合造成你的性格独立、浪漫、理想化和善于表达。你具有射手座的活力、乐观、热心和远见；还有水瓶座的创新和独立。你对时间感知力很强，并且善于说服别人，这样你无论在阐述深刻的话题还是在聊天的时候，都能激励和感动别人。你知道怎样表达事物，突出重点，让别人明白你的意思。对于引起你注意的情绪，行为和思想，你总能进行概括并且对给它们找出哲学上的动机。<br><br>

月亮在水瓶座，使你的性格增添了耀眼、鲜明的特色，不过对于过度保护你的伴侣，你的最初反应很可能比较冷疏远。在展现射手座生动的热情之前，你需要先建立深入的友谊和相通的心灵。<br><br>


建议：你具有令人信任的特质，因此要善于运用你强大的号召力。 <br><br>
"
ar,pi,"太阳射手+月亮双鱼=永远在寻找道路的射手<br><br>

优点：十分包容<br><br>

缺点：低估自己<br><br>

性格解析：<br><br>
你生活在理想的世界里，对于物质的事情并不是太感兴趣。你并不是自吹自擂之人，实际上，你非常的谦逊。情感上你敏感而浪漫，因此可能会受到那些激起你同情心的人的利用。你很大度，不会怀恨在心，对人完全没有恶意，从没有嫉妒和报复的心理。也许你不太实际，，但是你知道自己的价值，无论你做什么都会以你自己的方式取得成功。要想成功，你得克服不安和过多的忧虑。你会低估自己的能力，避开公众的注意，有些缺乏自信。你讨厌琐碎的细节和令人厌烦的惯例，但是如果你把自己的精力花在确定的目标上，你的注意力会得到最大的发展。<br><br>

射手座和双鱼座皆为变动星座，你在这种组合下非常有弹性和随和。双鱼座以两条反向而去的游鱼为代表，射手座的记号则是半人半马。这些符号象征变化无穷，潜力惊人，也有相当的不安成分。<br><br>

建议：知道自己的价值，以自己的方式去实现梦想，这就是你要做的。<br><br>
"
cp,ar,"太阳摩羯+月亮白羊=把名誉看得最重的摩羯<br><br>

优点：工作努力<br><br>

缺点：态度强硬<br><br>

性格解析：<br><br>

你的太阳星座和月亮星座的结合产生了一种目标明确，坚决有力的性格。对成功的追求给你很强的动力，你愿意十分努力的工作，去确保成功的实现。名誉对你的幸福至关重要。你知道怎么样去影响别人，但是你坚决反对给别人以唯唯诺诺，很谦恭的印象，或者做任何阿谀奉承的动作。人们深信你会举止得体，老练有度，而你却总是会清晰的表现你的格格不入的个人观点。得到一些经验以后，你最学着在你没有多少实权的时候，让自己少说话，尽量表现的耐心一点。<br><br>

月亮的果决赋予雄心勃勃的摩羯座积极、热情的处事态度，也克服了你对人生过于严肃的缺点。你遇到事情的态度活泼、积极，求胜的本能也因为企图心和斗志而越发明显。你具有成就大事的潜力。能吓阻你的事情并不多，任何不利的情势你都能克服。白羊座的感情非常强烈。请找一份能够让你获得成就感的工作，将强烈的感情投注其间。真正的摩羯座对金钱很审慎，投资方式明智。白羊座的月亮则赋予你企业精神，精于致富之道。具有白羊座特质的人经常有两份收入；你很可能是这种人。你也可能比一般摩羯座之人慷慨，只要别人有任何需要，你立即反应为以捐款等方式出手相援。<br><br>


建议：在你没有多少实权的时候，提醒自己少说话，要显得有耐心。<br><br>"
cp,ta,"太阳摩羯 +月亮金牛=把目标看得最重的摩羯<br><br>

优点：优雅坚定<br><br>

缺点：适应力差<br><br>

性格解析：<br><br>

你的太阳星座和月亮星座的结合产生了一种十分固执坚决的个性，在你的性格里，决心坚定是标志。你的想法现实而且果断，性格十分稳定。你相信事情会朝着最好的方向发展，而事实上也的确常常如此。你很容易全心全意投入自己的目标，而且你会以特别的坚定去向目标迈进。你的雄心根深蒂固，意志坚定而执拗。你喜欢迎接挑战，也喜欢有很多难题让自己解决。你很少改变主意或者更改自己的路线。你对自己的方向如此固执，以至于如果条件发生改变，你将很难适应。你坚守自己的个性，有种为信教而献身的教徒的意味。人们发现，对待瞬息万变的生活，你有一种客观冷静的态度。你批判时常常面带微笑，优雅而坚定。冷静的判断和对条件客观的分析让你成为一个执行能力很强的专家。你是一个有坚定而实际观点的管理者和组织者。<br><br>

月亮鼓舞你在感情和物质上都寻求安全感。你需要一个稳定、永久的关系。和值得信赖的伴侣，与你携手共创人生。你是个性感的好情人，能够在爱情生活中享尽美好。不过记住霸道是金牛座最大的毛病，你可能会给予伴侣太多的压制，而令对方透不过气。你对金钱的运用非常在行甚至也许会选择在银行或保险界工作。无论如何，你都是一个懂得用钱的人。你不会任意冒任何风险，而且竭力避免坠入风险中。 <br><br>



建议：事情总是会朝着最好的方向发展，只要你一直在努力。<br><br>"
cp,ge,"太阳摩羯+月亮双子=把思想看得最重的摩羯<br><br>

优点：思维新颖<br><br>

缺点：内外矛盾<br><br>

性格解析：<br><br>

摩羯座属土的性质，搭配双子座属风的特质，使你的性格出现不少有趣的风貌。你的特质受到双子座的影响而变得轻快、多变，偶尔甚至会逃避麻烦。你具有高度的幽默感。你面对挑战的反应是轻松而且智慧的，既好问又质疑。你非常善于辩论，为了诉说你的观点而不惜吹毛求疵。你不像一般摩羯座的人那么死心眼，比较喜欢变化，还有同时能做好几件事的本领，使你成为受欢迎的人物。你也许样样都通却样样稀松，满屋子堆着琐碎、不重要的东西。由于善于沟通，你应该很适合在传播媒体方面任职。只要能够避免肤浅的毛病，就会将所有双子座精彩的特质运用自如了。<br><br>

你比一般的摩羯座玩世不恭，以调情逗笑为家常便饭。你喜欢关系建立之初的友谊，这份友谊与智慧上的交流是长期关系的关键。<br><br>

你可能不如其他摩羯座的人那么精于理财，也是少数应该向专家请教理财之道的摩羯座。在智力、创造和科学的领域中，摩羯的抱负和企图心能找到最佳的释放点。但他们可能有先说再做的习惯。在他们个性保守的一面和带有革新色彩的踌躇的一面之间，存在着冲突。 <br><br>

建议：身边的人不理解你是正常的，因为你有时都不了解自己，所以做事之前先明确你的想法很重要。<br><br>"
cp,cn,"太阳摩羯+月亮巨蟹=把家庭看得最重的摩羯<br><br>

优点：直觉力强<br><br>

缺点：过度情绪<br><br>

性格解析：<br><br>

你的太阳星座和月亮星座的结合产生了一个敏感的头脑和一种天生具有高度细致的直觉洞察力的个性。你能“感觉”到世间人和事的真理。你十分敏感而且内省，如果能自己的灵感沿着实际的路线前进，你会获益良多。你不会浪费时间在别人不购买的东西上叫卖。在赚钱上你很有诀窍，也能想到稳妥的方式一直赚下去。你有时会很神秘，不做好把对方当作知音的打算，就不会吐露任何东西。总体上说，你需要抵制自己对自己的思考过激，借此来改善你外在表现的性格。你性格里有很浓重的恋家情愫，对家乡故土感情深厚。你需要密友和能理解你的人的支持和帮助。通过抵制自己的过倾向，你会变得很受欢迎。你的意志坚决和你对目标的坚定不移是你力量的主要源泉。<br><br>

月亮促使你对别人的态度亲切、反应敏锐，不过每当遭遇到考验时，自我保护系统也许会迅速升起来。这代表你可能不太自信。你比其他摩羯座的人感情用事，在爱情关系中能够大量付出自己的一份力量。生性负责的你，本能的知道如何取悦另一半。不过请你注意不要在经营安全、温暖的环境时，逼得伴侣无法喘气。你是个天生的忧心者，再加上想象力过人，所以只要另一半晚一点回家，你很可能就心急如焚了。最好的解决办法是将你的想象力转到创作方面。脚踏实地的摩羯座有幸承袭了巨蟹座的精明干练。你很善于运用财富，在作投资的时候可以跟着直觉走。你可能经常觉得自己不算富裕，请你随时核对自己的财务状况，以便安心的享受辛勤之后的成果。 <br><br>


建议：你最需要找到那种能理解你并支持你的另一半。<br><br>"
cp,le,"太阳摩羯+月亮狮子=把权力看得最重的摩羯（容易成功的配置）<br><br>

优点：贵族气质<br><br>

缺点：有些冷漠<br><br>

性格解析：<br><br>

你的太阳星座和月亮星座的结合产生了一种天生就具有领导控制力的性格。你精力旺盛，充满活力，这让你在生活中颇受欢迎，能获取很大的成功。你是一个很自立的人，行为上有些贵族气，即使你身份平庸，你的超然冷漠的态度也让你显得地位尊贵。你不用刻意表现，百般恳求就能让事情朝着对你有利的方向发展。你知道怎么在合适的时间和恰当的方式去表现的果断而老练。你渴望权力和地位，但是你会用一种冷静而镇定的方式去获取他们。<br><br>


摩羯座和狮子座在许多方面截然不同。可是至少有一项共同点：追求高品质，品味高尚。狮子座喜欢高品质是出于他们的本能，而摩羯座花钱的本领却实在令人刮目相看，尤其是重视那些有利于他们的人的看法。无论如何，你都会花不少钱。假如你感到良心不安，不妨告诉自己你的投资很明智，而且也有不少储蓄。当你有一笔钱想作投资时，也许用不着去请教专家。他们行事果断有序，容易树立威望（只要成长环境允许），有着精力旺盛、充满生机的个性。他们落实企图的手段直接的，引人注目的。他们能超然于个人情绪，铁面无私，由此创造了效率。实用主义和自信给这他们带来强大的说服力。他们崇尚精确（这是毛泽东和Noel Tyl自己的日月配置）。<br><br>

建议：不要试图在任何事情上统领全局，一些小事应该放手。<br><br>"
cp,vi,"太阳摩羯+月亮处女=把事实看得最重的摩羯<br><br>

优点：分析能力<br><br>

缺点：缺少自信<br><br>

性格解析：<br><br>

你太阳星座和月亮星座的组合使你有极强的内部推动力，并且对自我价值的重要性有敏锐的认识。一种特定的顽固的骄傲心理使你总是保持高度的自尊心。早期的时候，急躁脾气可能会成为你的问题，但当你慢慢学会成熟的合作意识后，更加明智和严格的天性会在你的个性特质中占统治地位。作为一个相当保守的人，你总是习惯通过平静的方式表达自己。并且在交际中，你甚至不发一言的就能完美地表达出你的反对。<br><br>

多数人认为你是个很理性的人，在许多方面，你也确实是这样。但是要说服你认识到自己的错误，却很困难。因为你的内心极其顽固。很多时候你会故意装着听不懂别人意思，虽然你可能很明白他要表达的是什么。你可敬、忠诚、真挚，对生活以及你在生活中的责任有着清醒敏锐的认识。你很能理解别人以及他们的问题，但同时你总是依然能够保持冷漠。你是个极好的倾听者，并能够提供合理的建议。情绪从来不会影响到你的理性推理能力。不要不敢表露你的志趣和想法，也不要直觉认为自己不如人。你也许天生容易忧虑，但也时很好的协调者。摩羯座和处女座都是土象星座，因此你非常脚踏实地，具有平常人的理性。<br><br>

你会用逻辑的方式分析问题，不过在遇上棘手麻烦时可能会很紧张、缺少自信，如果有这种现象，请发挥一下摩羯座天生的冷静。你的心智敏锐，善于剖析和衡量细节问题。不过也不要忽略了事情的整体性。请培养客观的处事态度，这对你将会有很大的帮助。你可能相当害羞，于是以冷淡、漠然的外表来掩饰羞怯。假如你从小生活在家教严格的家庭，那么也许曾经常常遭到父母的压抑，结果对你造成的不良影响远超过一切。其实你只要一旦克服这层障碍之后，任何问题都不会不敢面对了。<br><br>

你通常对金钱比较小心，态度务实。但是可能过分小心，而仅仅只作一些储蓄方面的安排，不能够大量增加财富。不妨研究各种投资计划；你挑剔的本性将会协助你作出最好的选择。 <br><br>

双土象，120度。他们强势、自知的外表下隐藏着腼腆。比起执行既定的程序，他们更偏爱分析处事原则。他们的神经系统可能热情高涨，感受着野心的燃烧，提出堆积如山的工作计划，但总是在执行的时候渐渐掉队。然后，他们会滋生出一种私人化的智力上的恃才傲物来保护自尊心。他们太容易把自己该做的工作投射到他人身上，因而需要更多的远景式的想法和纪律感来支持自我。 <br><br>

建议：试着培养一下自己的想象力，这也是放松的一种方式。<br><br>"
cp,li,"太阳摩羯+月亮天枰=把自我看得最淡的摩羯<br><br>

优点：社交头脑<br><br>

缺点：生性多疑<br><br>

性格解析：<br><br>
你的太阳星座和月亮星座的结合产生了一种双重的分离个性。摩羯的天性是很守纪律，为人谨慎；而天秤的个性是鲁莽而冲动。结果是形成了这样一种个性，你为人积极，坚信自己不会出错。虽有时有点古怪，但总体上很友善。你喜欢与人相处，但是你的性格让你更加看重物质，而不是很人道。你不是很浪漫，你的超然冷淡的态度掩盖了你实际上渴望与人相处的需要。你极富社交头脑，喜欢有人围着你转，但同时你又不会很快对他们表现热情。<br><br>

你很不喜欢正面冲突和不友好的场面，你凭直觉会做一些恰当的事情去保持平和与有序，这一点得到了所有人的赞赏。你的天赋同样表现在你成熟客观的判断力（尤其表现在商业环境中）以及精神上衡量，批判和比较事物的能力上。你精神上富有洞察力，这让你在计划付诸实施产生问题以前就能发现不足所在。你对目标的严肃和深思熟虑，对取得领先和担负责任的渴望支撑了你平衡的精神能力。保持祥和安稳是你得到成功和幸福的关键所在。你用劝导和自己的魅力去让别人接受你观点的能力对你的事业大有裨益。<br><br>

建议：回家后把时间完全留给自己。<br><br>"
cp,sc,"太阳摩羯+月亮天蝎=把外界看得最淡的摩羯<br><br>

优点：忠诚真挚<br><br>

缺点：极其顽固<br><br>

性格解析：<br><br>
多数人认为你是个很理性的人，在许多方面，你也确实是这样。但是要说服你认识到自己的错误，却很困难。因为你的内心极其顽固。很多时候你会故意装着听不懂别人意思，虽然你可能很明白他要表达的是什么。你可敬、忠诚、真挚，对生活以及你在生活中的责任有着清醒敏锐的认识。不论是对是错，你总是执着于你对人的第一印象，特别是那些不好的第一印象。你很能理解别人以及他们的问题，但同时你总是依然能够保持冷漠。情绪从来不会影响到你的理性推理能力。<br><br>

你在面对挑战时，无穷的精力和强烈的情绪都会立刻展现。再加上摩羯座的毅力和野心，你将是一个极有成就的人。你在工作时必须将感情也投入。如果只是做一份无聊的工作赖以糊口，精力和雄心大志都会被挫尽。如果你有一肚子怨气，请先试着自我分析，立刻作调整。对同事不宜太无情。请记住一句话：不要踩在别人的身上往上爬，因为你在往下栽的时候说不定会再度遇上这些人。情绪强烈的你是个热情如火的人，在爱情于性关系上都必须获得圆满的结果。你是个需求很多的人，伴侣必须能够热烈响应你。天蝎座最严重的缺点是嫉妒，请千万不要落入这种无谓的情绪中，先听听对方的合理的解释。你处理金钱的能力很好，也善于赚钱。太阳于月亮的组合提高了 你做生意的本事，可以自创成功的事业。在投资时，你会把眼光放得很准确。<br><br>


建议：不要总是执着于你对人的第一印象，特别是那些不好的第一印象。<br><br>"
cp,sa,"太阳摩羯+月亮射手=把困难看得最淡的摩羯（不错的配置）<br><br>

优点：自我激励<br><br>

缺点：有些自傲<br><br>

性格解析：<br><br>
你的太阳星座和月亮星座的结合产生了一种身体和精神上都有很强能力的个性。有时你的精力看起来永远充沛。这种星座组合奇异地结合了顽固守纪以及狂野的热情与理想。射手月亮星座开放而外向的个性很好地弥补了摩羯座忧郁而易于感伤的性格，产生了一种世间罕见的，极其善于处理自己和别人事务的个性。你喜欢成群结队的伙伴感情，喜欢融入到广泛的兴趣活动中。但是你要依靠自己对目标的专注和鼓励自己对目标坚持不懈的努力才能取得成功，有所成就。你的心灵一直在旅行，你性格的永不停止需要你在身体上和精神上都不断漂流。你天生就富有激情，而你的问题在于你投入精力时不计后果。你很有雄心壮志，在追求自己的目标时，你有策略，直截了当，精明，善于交际，而且诚实，真挚。不管用什么方法，你都会本能地表现出诚实与可信。你时一个很善于表达的人，有很高的理想和敏锐的价值观。<br><br>

月亮赋予你天生的乐观性格，而摩羯座的人偶尔会悲观、抑郁不振，所以两者之间是矛盾的。请发挥摩羯座的理智，克服颓废和悲观，也避免在忧喜之间徘徊。你很聪明，心思灵敏过人。千万不要让心思迟缓不前；不断挑战心智对你是一件重要的事。射手座是富有爱心、亲切、感情丰富的星座。你会轻易的表现出这些优点。你热情如火，希望享有完美的爱情。你也许不像其他摩羯座的人那么执着，从其中获得的乐趣却比较多。你在爱情关系中需要享有相当的自由，在建立永久关系之前应该把这一点列入考虑。射手座最大的缺点是浮躁不安。不要对伴侣无故发泄，也不要卖弄风情而给自己惹上不必要的麻烦。<br><br>


建议：不是每个人都像你一样大度，所以要避免言语得罪他人。<br><br>"
cp,cp,"太阳摩羯+月亮摩羯=把人际看得最淡的摩羯<br><br>

优点：值得信赖<br><br>

缺点：心情沉重<br><br>

性格解析：<br><br>
你太阳星座和月亮星座的组合赋予你一种真正严肃的个性。主宰摩羯的土星就像是监工或者督导一样，有着严格的影响力。当太阳星座和月亮星座都位于这个星象的时候，会产生有些沉重的个性特质。尽管你可能有颗金子般的心，你的天性却总是坚硬不屈。你追求现实、真理和真相，拒绝任何肤浅轻佻的事情。你有强大的雄心壮志，自我控制几乎是你的神物。尽管你总是一门心思达成你的目标和野心，这种情形下也有很多良好的品质。可靠性是你的关键，你总是可以信赖，人们可以相信你一定会做到你承诺的事情。不论有多困难，你不会分两次解决，总是喜欢一次成功。你天性中不是个人道主义者，这会使你为权力和地位所驱使，变得自我本位甚至有些自私自利。你天性中强烈、冷漠而又无懈可击地反对人际交往，尽管你明白如何吸引别人的常识。<br><br>

月亮影响你勇于面对问题，只要有人把问题交给你处理，你会立刻欣然接受。不过你也可能在积极、强烈的企图心和消极、自我怀疑两种情绪之间摇摆不定。你具有摩羯座令人意想不到的幽默感，会适时适地的流露，但是你也容易跌落深谷，怨天尤人的认为诸事皆不对劲。这或许是天生的谨慎性格和自我保护的本能造成的。一旦托付终身，你非常忠实，在爱情方面能够享有最完美的经验。你对伴侣的前途也十分关心，不过在你们的关系上，你的态度可能趋于保守和老旧。<br><br>


建议：不要总是反对人际交往，你其实是明白如何吸引别人的。<br><br>
"
cp,aq,"太阳摩羯+月亮水瓶=把爱情看得最淡的摩羯<br><br>

优点：行事英明<br><br>

缺点：过于冷静<br><br>

性格解析：<br><br>
你太阳星座和月亮星座的组合塑造出体贴、真诚、负责任的内在天性和友好的个人特质。你对自身及自身天赋的理智尊重也使你赢得他人的尊重。你的真诚和天赋总是能吸引别人，这使你很受欢迎。你也很热衷于参加大量的公共活动。水瓶的月亮星座赋予你卓越的组织能力，这有时使你在摩羯座中脱颖而出。你也很积极进取，很容易被新的兴趣所吸引。突然的情绪变化也会影响到你感悟事情的方式。你坚持传统的价值观和测试方式，但你也从不畏惧将来，并且总是会有相当不错的积极进取的念头。你对人类的天性有很强的洞察力，因此你总是能够选择正确的朋友和合作伙伴。你能在重要的团体、协会、俱乐部或其他社交界中表现出最优秀的你，因为你深谙如何发挥你的个人品质的魅力，来吸引众人。<br><br>

在这个舞台上，你的高超技巧变得显而易见，而且在选择正确的人去打交道或辅佐你的时候，你也总是很幸运。在商业上，你有着极棒的组织能力和赚钱的技巧，而且总是另辟蹊径。特别当需要用到你特别的与人交往的天赋时，你更是如鱼得水。尽管如此，你的天性中有着鲜明的独立性，并能在没有任何个人监督的情况下作出最棒的工作。你不是能够做出瞬间判断的人，总是需要时间思考和反应。在时间允许的情况下，你谨慎的前瞻性和联系过去现在未来的能力使你总能行事英明。尽管性格友好，你对自己的感觉却没有坚定的决心。你很骄傲，这会使你在某种程度上成为一个一心想向上爬的人，地位对你而言会很重要。你的智慧和判断力能够很好的控制引导你的情绪。你的冷静和智慧会让你成为一个很好的朋友，但可能不会是个狂热的恋人。但你的稳定性弥补了所有你缺少的热情。<br><br>


建议：试着从爱情中找到你的热情。<br><br>
"
cp,pi,"太阳摩羯+月亮双鱼=把物质看得最淡的摩羯<br><br>

优点：善于接纳<br><br>

缺点：不够坚定<br><br>

性格解析：<br><br>
你的太阳星座和月亮星座的组合和谐而有趣。你拥有善于接纳的性格，并被外部环境和事物而强烈影响。你将实际、认真、有野心的一面和不安定、善变的性格融为一体。有时候，摩羯座特有的坚决和稳定的目的性在你身上却很难得到贯彻。因为这种坚决通常会被你天性中的多愁善感所遮蔽。你具有很强的知觉洞察力，这使你总能敏锐地意识到别人的情绪。你对生活有着认真而细致的兴趣，而且对你来说，几乎所有事情都如此复杂而有深度。你诚实而值得信赖，决不会借助诡计和欺骗达到目的。你对工作极投入，渴望了解你所能知道的尽可能多的事情。你的天性中有着鲜明的人道主义，并且很有可能不会像其他摩羯座的人那么物质主义。在人际关系中，你需要锻炼辨别力，并尽力克服你易受他人影响的天性。<br><br>

月亮强化了你的情绪面，使你的反应亲切、敏锐。不过你应该努力建立自信，不要压抑摩羯座的雄心。属土的摩羯座和属水的双鱼座是契合的组合。你本性踏实、审慎，对事情的反应却很有人情味，不吝于待人亲切。你对伴侣的反应温暖、深情，能够享有完美的爱情关系。恋爱中的你也许会戴上玫瑰色的眼镜看你的情人。请发挥摩羯座的优点，尤其是在考虑长久关系之时。千万不要为了不刺伤另一半而撒谎，否则后果可能不堪设想。双鱼座的人并不善于理财，你在财务发生问题时很可能会一头雾水。如果有闲钱投资，不要立刻下决定，也不宜被速成发财计划所惑。让摩羯座理财的天分取代双鱼座的不切实际。 <br><br>


建议：提高自己的辨别力，尤其在人际交往方面。<br><br>
"
aq,ar,"太阳水瓶+月亮白羊=急于出炉的瓶子<br><br>

优点：勇往直前<br><br>

缺点：耐性不足<br><br>

性格解析：<br><br>

这种太阳星座和月亮星座的组合使你思维相当活跃，能强烈意识到自己的能力并对世界持一种公正明智的态度。你必须要留意防备自鸣得意和自我满足感，因为你有某种自大情结的倾向。你是一位坚定的思想者，你所知晓的通常准确无误，且经过仔细的思考和缜密的论述。但是你很可能会冷酷孤傲，因为你情感的那一面根本就不坚强。这种极端的特性将水瓶座的智能性和独创性与白羊座的极佳的心境和高度的独立性结合在一起。你处理问题过于自信，常常缺乏审慎或远见，符合白羊座的特征。基于较为固执和独立的性格，你一般不喜欢受监督；在独立工作不受干扰时，你最出色。虽然你的性格如上所述比较固执，但是你时刻准备着应对新思想。个人的易冲动或者是贸然行事的倾向表明你缺乏耐性，或者缺乏的也许仅是一种能够等待做事情的最佳时机的心态。热情使你勇往直前，无论是精神上还是身体方面你很难让自己不积极。如果你能降低自己对个人完全独立的要求且多花点时间建立与他人美好的关系，你的幸福度随之增加。<br><br>

月亮赋予你活力、坦诚、单纯的人生态度，你不会被枝微末节的小事束缚。除了具备天生的友善态度，请留意不要反应太迅速而伤及他人，你的组织力可能太严谨，令左右的人觉得自己无能，因此除了表现自己的能力之外，请多为他人着想。你是水瓶座的人当中最热情、性感的。月亮赋予你丰富的情感，让你坦然地表露自己。水瓶座和白羊座都是非常追求自由的人，你的伙伴必须认清这点。在建立永久关系之前，好好和另一半讨论你的性格。<br><br>


建议：等待有时会帮助你留住做事情的最佳时机。<br><br>"
aq,ta,"太阳水瓶+月亮金牛=外观最美的瓶子<br><br>

优点：感染力强<br><br>

缺点：过于自满<br><br>

性格解析：<br><br>

这种太阳星座与月亮星座组合带给你讨人喜欢和令人敬佩的性格。你向来大度，对于社会上层人士也好，下层人群也罢，你的感染力都是一样的。你不会拿自己的烦恼和忧愁去麻烦他人，但是一旦他人来找你时，你会全神贯注倾听他们的问题。你对周围的人群感兴趣，喜欢做一个旁观者，但你会注意保持一定的距离，以免过于牵涉其中。你评判他人不是依据他们的职业或地位，而是他们是否对你感兴趣。你有明显的自我满足感，从无必要故作姿态来吸引人。除了所需要的欲望，你具备了一切能使你成为管理者的条件。你似乎毫无专横霸道的作风，希望奉行“互不干扰”的原则。这一组合把水瓶座的独创性和独立性与金牛座的决心和意志结合在一起。这两个星座的融合会产生一种几近顽固不化程度的意志。幸福取决于你能否适应周围的环境或和谐的家庭生活。在人际关系方面，你还需要对进一步增强对他人的兴趣。<br><br>

月亮使你稳定，但在情感和财务上，你又亟需安全感。此外，水瓶座以不拘泥于传统闻名，而金牛座却喜欢固守传统，不信任变革。金牛座的月亮会鼓舞你发挥创造力。你很可能在音乐或歌唱方面具有独树一帜的才华，而且你会在符合传统的原则下一展长才。金牛座的创造力将会完美的帮助你施展水瓶座的才能和创造力。从你的个人感情上，会特别显现出你矛盾地追求精神上的安全感，和自由意志。你对伴侣提出矛盾的要求。而且你也将不可避免的要妥协，所以你的情人必须了解你不同的需求。你也许善于理财，但是也可能很会花钱，必须有固定的高收入才能维持。由于具有做生意的天赋，所以很适合自己创业。<br><br>


建议：多关注他人，因为你的幸福取决于你能否适应周围的环境。<br><br>"
aq,ge,"太阳水瓶+月亮双子=用途最广的瓶子<br><br>

优点：多才多艺<br><br>

缺点：容易分心<br><br>

性格解析：<br><br>

这种太阳与月亮组合使你的个性具有浪漫色彩，这一点很出乎意料。你理想主义感强烈，且带有批判倾向。虽然你生活浪漫，但是相比感觉你依靠更多的还是理智。你容易把生活戏剧化，把自己戏剧化，常常将问题扩大和升华，将爱情和生活完美化。你不会放过故事中的精彩部分。水瓶座与双子座融合了水瓶座的独立性和独创性与双子座的智慧、多才多艺和智力。你反应机敏迅速，有较强的直觉，但是在遇到问题时，大都有只看其表面的倾向。现实世界中，这点将会是你的障碍。你的注意力容易分散。你很难受制于现实，却很容易在生活中漂浮不定。如果生意上并非如此的话，那极可能就出现在你的私生活上了。<br><br>

你能很快将事实与自己的想法结合起来，这使你天生适合做广告、写作、演讲，或者任何一种可以发挥你智力的工作。你容易对日常惯例和细节产生厌倦。你本性中有种双重性，可以显示出你的情绪与态度的快速变化。你经常会突然改变主意。友谊于你极其重要，你需要经常有人能说说话，而且那人能够在精神上与你协调，能激发你增加才智和文化修养。水瓶座和双子座都不太喜欢畅言个人感情，这将是你的掣肘。你和你的爱侣永远需要友谊和智慧的交流。你十分擅长交易，但是千万留意：当你有闲钱投资时，也许并不如你自己想的那么聪明。多向专家征询和采纳他们的意见。如果可能，最好采取从所得之中扣除一部分作为储蓄的做法。<br><br>



建议：出现问题时，不要只看表面。<br><br>"
aq,cn,"太阳水瓶+月亮巨蟹=质感最优的瓶子<br><br>

优点：理解力强<br><br>

缺点：焦躁易变<br><br>

性格解析：<br><br>

同任何其他可能的有关水瓶座的组合相比，这种太阳与月亮的组合，带给你的性格反映出的水瓶座特点要少而突出的月亮影响要多。原因很简单，水瓶座中的太阳从来不够强，而月亮在巨蟹座中尤其突出显眼。与典型的带有水瓶座太阳特点的人相比，你要主观得多，也不怎么冷漠孤傲。然而，这种组合混合了水瓶座的独创性与独立性与巨蟹座的丰富感情、敏感性和坚定不移。由于对外界影响极其敏感，你有焦躁和易变的特点。对周围事物和人际交往的敏感使你能够迅速对他人做出回应，正如你可以凭直觉感知何时受欢迎何时令人厌烦。<br><br>

你对他人的直率与坦诚使你总是很受欢迎，广交朋友。你拥有无限的个人魅力，由于你本性善良，与人交往时往往大方得体、考虑周全。社交与人际关系对你来说十分重要。生意上你会很受欢迎，因为你个人能够关注员工与生意伙伴的事情和活动。与生俱来的勤奋以及对生意或人生目标的执著可以保证你获得成功。你感知问题的能力要比你思考问题的能力可靠。如果乐观的话，对每一样工作你通常能够保持一种现实的方式来处理问题。你是水瓶座当中个性最独特的人，在危难时才会不吝助人。你比较冷静、理智、不感情用事，不过巨蟹座会影响你，使你的耳根子较软。初见你时，你令人感到友善中带有几分矜持；深交之后朋友会发现你其实面冷心暖。在针锋相对之时，你绝不会拙于言辞。假如你能运用天赋的生意头脑和自由意志，那么应该是个理财好手。请把投资目标放在有规模的大公司与计划上。<br><br>

建议：经常在家中举办朋友聚会大大提高你的人气。<br><br>"
aq,le,"太阳水瓶+月亮狮子=容量最大的瓶子<br><br>

优点：豪爽友好<br><br>

缺点：急下结论<br><br>

性格解析：<br><br>

这种太阳与月亮组合使你有助人为乐的性格，使你成为一个实实在在的人道主义者。因为这种特点在你性格种非常突出，你比较容易成为他人或朋友与家人利用的对象。当人们遇到问题需要帮助时，你就是他们要找的人。你骄傲自豪，自力更生，你不喜欢颠覆原有的对他人的好感，基于此，你会坚持不上算的交易，也许还会保持早已变质的关系。由于你天性情绪激动但是豪爽开朗且友好，有些时候，在与人交往尤其是处理与那些对你的时间和金钱提出过分要求的人时，你需要表现得清醒和切合实际。这一组合融合了水瓶座的独创性和独立性与狮子座的温柔情感和自信。在近满月时出生的话，你容易把自己的个性特点向外界展现出来。你敏感而又温柔多情，婚姻会强烈地影响你的生活。你禀性友好，富于同情与善心，而且有着深深的爱。有时候，对于浪漫的喜好可能会阻碍你的准确判断和实际行动。同样，这些都是难以改变的特征。一般很难说服你去做违反你意愿的事情。作为领导，你喜欢采用温和的风格，而不是采取较严厉较无情的方法。<br><br>


狮子座的热情使你热情如火。水瓶座的你仍然需要独立自由，不过你会尊敬你的伴侣，辅佐对方。也和对方共享成就。请收敛操纵伴侣的习惯，任何带有狮子座特征的人都会有这种倾向。保持均衡是第一要素。水瓶座追求灿烂，狮子座喜欢昂贵的极品。你得有一份高收入才能满足需求。狮子座得月亮会赋予你投资得观念，请将资金投在有规模，产品品质好的公司。如果有向财务顾问请益的必要，你会找最著名的专家。<br><br>



建议：对于浪漫的过度追求会阻碍你的准确判断。<br><br>"
aq,vi,"太阳水瓶+月亮处女=做工最好的瓶子<br><br>

优点：思维缜密<br><br>

缺点：有些孤傲<br><br>

性格解析：<br><br>

这种太阳与月亮组合使你拥有在做任何需要批判与分析能力的事情时都相当出色的个性，因为你智力高，头脑思维突出。你可信且真诚，可以切合实际地给出很不错的建议。你做事前计划缜密，做事时充满自信。你会坚持花时间思考，不会仓促行事。这种组合汇聚了水瓶座的友好、独创性和独立性与处女座的缜密、精准和实用性。两种特征都能带来智力、推理和逻辑能力。精巧、细致与谨慎是这种混合而出的个性特点，该个性还显示出对学习的执著以及对细节问题的关注。这种能力可以使你摆脱私事的纠缠而集中精力解决手头的问题。你的思考不会受情绪干扰，因为你有能力面对事实，并通过批判性的分析来理清事情的始末。因而，你很少犯错误。在爱好方面你比较挑剔，大都要求整洁有序，干净利索，尤其体现在穿戴方面。你的分析能力可以使你洞察人的情感世界，但你的相关反应往往不表露出来，表现地比较孤傲。为了生活的和谐美满，你应该经常锻炼一下表达情感的能力。在做生意方面你很有潜力，因为你有能力整合有关科学的事实和各种总要信息，并能有效地利用自己的知识。<br><br>

你既富创新力又切实际，这些特质应该尽量展现。你的才华很适合运用在手工艺之类的艺术创作方面。你有时会鸡蛋里挑骨头而因小失大。这时只有发挥水瓶座的特性，你才能从比较广阔的角度着眼。裹足不前是阻碍爱情发展的绊脚石，只要你放松心情就能得到完满、幸福的爱情和生活。思维的力量，理性，严厉的观察，富有创造性的推理演绎――这些都是他们的优势。辩论与演说能释放他们的全部价值观。他们的感情被思维过程的细节所吞没，对理性的重视让他们轻易地忽视生活中的感性一面（这是极其喜爱科学的一群人）。<br><br>

建议：尝试锻炼自己表达情感的能力，这会使你的生活更完美。<br><br>"
aq,li,"太阳水瓶+月亮天枰=没有成形的瓶子<br><br>

优点：十分宽容<br><br>

缺点：半途而废<br><br>

性格解析：<br><br>
这种太阳与月亮组合带给你的性格就像一股风，它可以强大无比，但缺乏持久性，时常改变方向。当你保持兴趣时，你处理问题的效果惊人，但是你习惯于半途而废，一件事尚未完成就转向另一个。只要你能专心致志热情不减，事情会进展得很顺利，但是一旦你厌于集中精力，你会转向更有趣更兴奋的事情上。率性而为，不受约束。以这种处世态度对待人就如同对待工作或任务一样，你可能会轻易放弃与某人的一段关系。<br><br>

你的朋友也许很多，但没有几个是知心的或经得起时间考验的。婚姻于你非常重要，但要使你维持一份长久稳定的关系很难，需要花费一定的功夫。你对生活的态度有些轻浮，放荡不羁的行为作风会不时地惹来非议或排斥。你看问题比较开阔和宽容，对他人所犯之错很宽容，正如你期望别人也宽容你的错误一样。你能迅速地对人进行分析和分类。你知道如何有效地推销自己或自己的东西而被拒绝，能否成功主要取决于你的这个专长。你也许偏爱奢侈品，品位高昂。千万不要随便借钱给别人，因为你会对寡廉鲜耻之徒硬不起心肠；购买股票和投资之前应该征询专业人员的意见。多注意你的钱用向何处。 <br><br>


建议：找个成熟、稳定的另一半会对你的帮助很大。<br><br>"
aq,sc,"太阳水瓶+月亮天蝎=价值最高的瓶子（容易成功的配置）<br><br>

优点：进取心强<br><br>

缺点：有时冲动<br><br>

性格解析：<br><br>
这种太阳与月亮组合会使你具有吸引力，但同时生活中你有自己严格的规则。这一组合高度融合了水瓶座的独创性和独立性于天蝎座的激情和坚毅。你赢得很多尊敬，但更重要的是你有健康的自尊心。你的性格极其坚定，如果你能用理智控制情感冲动的话，你会有无穷的力量去做大事。你喜欢我行我素，你会是一个十分坚定的领导者。作为领导者，由于你从不期望别人做自己不愿做的事情，你会与下属们携手并进。你雄心勃勃，进取心强，这都是源自你的坚定决心。当事情顺利完成时，你会非常具有吸引力。有时你的某些行动有些冲动欠考虑，但是根本用不着别人来花言巧语说服你采取初步行动或做出决定。学会放松对你来说很重要，因为这种永不停歇始终精力旺盛的性格会对你的健康有损害，如果你不学会松弛或许有时适当接触一下大自然。对你来说，学会看淡自己，学会自嘲，以及降低要求，是有好处的。你性格中没有肤浅的东西。只要你用心去做，没有你完成不了的事情。矢志不移照亮了你通往成功的道路。<br><br>

强烈的情绪并不符合水瓶座的特质。你比任何水瓶座的人更需要圆满的爱情。你热情，需求多，你的伴侣必须也能等量的回报。天蝎座最糟糕的特点是善嫉。这种情绪一旦浮现将会深受水瓶座的你的厌恶。你有精明的商业头脑，因而获利颇丰。这对你爱花钱的习惯倒是件好事。<br><br>


建议：多接触大自然会帮助你的身体恢复到最佳状态。<br><br>"
aq,sa,"太阳水瓶+月亮射手=销路最广的瓶子<br><br>

优点：热情直率<br><br>

缺点：感性不足<br><br>

性格解析：<br><br>
这种太阳与月亮组合使你精力充沛思想活跃。你的性格主要表现为独立的思维、行动、思想和表达几方面。这一组合把水瓶座的友好、独创性和独立性与射手座的诚实、真诚、直率和热情融合在一起。你待人友好，处事积极，思考与看问题时无不显示你对独立与自由的追求。友好而又善解人意的性格使你在处理大多数问题时都比较仁慈。你最有可能做一些能直接有利于伙伴的事情。你对真理和知识具有本能的深深的爱，这使你禀性高贵与真诚。你极其厌烦任何欺诈和伪装行为，无论是生活还是做生意你都依理行事。<br><br>


你对人生的态度应该是积极的，心胸开阔、视野辽阔。对细节的应付能力可能不太好，不妨交给他人去处理。你是个永远的学生，需要不断向智慧挑战才能活得有声有色。虽然你的性格多变，但是请不要把兴趣分散得太广泛，否则将会事事做来虎头蛇尾。<br><br>


建议：在不违反自己原则的基础上，多考虑一下别人的感受。<br><br>"
aq,cp,"太阳水瓶+月亮摩羯=历史最久的瓶子<br><br>

优点：威严可信<br><br>
缺点：过于保守<br><br>

性格解析：<br><br>
水瓶座使你具有独创力和独立性，但同时调和了摩羯座的保守主义、野心和小心谨慎。你沉静的毅力、坚定的决心以及冷静的分析能力或谨慎的思考能力可以保证你对周围环境或形势做出准确的判断和现实的评估。你知道自己生活的方向，不会被情感因素轻易地改变。你会时常感到不安，此时你需要把精力多放在事业、生意或社交上。你有高度的责任感和自知之明。生意方面地责任可能会很沉重。你有源源不断的内在动力可以改进自己的性格。这一组合显示了你的掌控大企业和管理群体的能力。你有强烈而牢固的信念和完美的目标。你会以严格的道德准则来经营生意。你天生就是一位有仁慈倾向的管理者，你会把友谊和公平竞争与严格商业准则结合起来。你的拼搏为的不是财富与物质，而是权力与威严。<br><br>

水瓶座和摩羯座均非感情用事之人。你必须学会放松自己，才能享受圆满的爱情生活。水瓶座的太阳使你深受异性青睐，但是摩羯座的月亮却可能给你制造障碍。甚至在爱情萌芽之初，你就会怀疑是否找对了伴侣。本能的审慎态度使你不至于虚掷财富。你喜欢定期存款的安定性。虽然你可能用不着征询财务专家的意见，去向他们请教还是好的，如此也可以证实你的做法正确。 <br><br>


建议：情绪不稳定的时候，就集中精力去做有价值的事。<br><br>"
aq,aq,"太阳水瓶+月亮水瓶=款式最新的瓶子<br><br>

优点：思维活跃<br><br>

缺点：飘渺不定<br><br>

性格解析：<br><br>
这种太阳与月亮组合所产生的性格很强烈DD模糊不清但是很强烈。该组合带来另一番境界DD飘渺不定、富于哲理以及极为开阔的思想。你的个性与性格混合了水瓶座的各种特征：高雅、聪明与仁慈。这一组合使才干或天资的建设性发展成为可能。你的想法千奇百怪，有传统的，也有怪诞异常的。你思维极度活跃，但是可能会喜欢拖延。在思想方面，你是一位开拓者，但是你缺乏对一件事的持久热情，因为你爱好广泛，习惯于尝试各种各样的事情。水瓶座的人有着先天的仁慈心、善心和理解力。与陌生人打交道对你来说很容易，与他人交往也极少给你带来麻烦。同样，你性格独立或者说有些以自我为中心，要求能够有足够的自由进行独立思考与行动。得益于你的这些性格特点，在生意场上你很容易取得成功。<br><br>

水瓶座是非常固定的一个星座，因此有种固定的因素与你的性格紧密相关，你性格中的高度集中力和坚定的决心，使你能够看透很多你所从事的工作。不管你是从商还是追求科学，对于为人类谋福利的浓厚兴趣会激励你不断前进。你应该坚持思考和创新，这点很重要。在独立工作不受监督时，你的表现最为出色，而在被要求做那些日常琐事或过于系统化的工作时，表现最糟。你的弦总是甭得太紧，需要保证足够的放松和室外活动，这样可以释放下紧张的心情。以你的逻辑思维能力、清新的概念以及仁慈之心，你肯定会为社会做出不小的贡献。<br><br>


建议：你最不适合做那些系统化、日常化的工作。<br><br>
"
aq,pi,"太阳水瓶+月亮双鱼=漂在海上的瓶子<br><br>

优点：博学有才<br><br>

缺点：沉迷幻想<br><br>

性格解析：<br><br>
这种太阳与月亮组合使你的头脑具有创新性，能够把握最模糊不清、飘忽不定和极端的概念。这一组合混合了水瓶座的友好、独创性和独立性与双鱼座的敏感和想象力。你是一个锲而不舍勤奋刻苦的人，注重细节、方法和秩序。你回应外界的方式很有趣。你会花上几天的时间进行梦想和思索。你会迷恋于某些不同寻常和抽象的东西，研究这种怪异的对象你会感觉非常有趣。由于你喜欢阅读和学习，你可能会通晓很多领域的知识。你的头脑常会离题万里以至于可能连手头做的是什么工作都忘记了。敏捷的想象力或者头脑幻想使你在很多领域都是赚钱能手。成功与否取决于你的才能和智力，因为你没有较强的领导力。你有任物自流的倾向。你应该经常表现出较坚定的意志，不过总体而言你有一定的谨慎感和警觉性。如果你能克服或控制自己被动接受事物的倾向，或者控制你在别人有意利用自己的善良时所表现的过分友好和恩惠，你会从中受益的。<br><br>

你是水瓶座当中最性感、最不吝于表达爱的人。因此常谈恋爱和失恋，因为水瓶座潜藏的浪漫性格在你身上很容易发挥。同时，你也需要一个能鼓励你，给你自信的伴侣。金钱很可能会从你的指缝间溜走你付出的也许超出自己能力所及，这种行为固然不坏，却会落到交不出房租。如果你有固定的工作，记得建立一套储蓄制度，从收入中扣除一部分作为捐献。而且随时征询专家的意见。 水瓶不同寻常的、革新的特质被双鱼的感知力进一步加强。在他们的生活里，来自玄学、神秘和宗教的影响和灵感，把现实和想象、实际和假设、科学和诗意熔合在一起。如果星盘其他部分缺乏强力的结构，他们容易活在想象的世界中，容易自欺欺人。<br><br>

建议：控制自己被动接受事物的倾向是你通往成功之路的第一步。<br><br>
"
pi,ar,"太阳双鱼+月亮白羊=暹罗斗鱼<br><br>

优点：敏感独立<br><br>

缺点：有些偏激<br><br>

性格解析：<br><br>

你对挑战的反应很大胆，稍后却可能另外产生想法而变得不再有自信，以至于裹足不前。请把目标放在前方，让双鱼座温和、谨慎的本性接受白羊座强烈本性的洗礼。你兼具白羊座炽热、丰沛的感情，以及双鱼座深刻、强烈的情绪。除此特点以外，你也许很容易恋爱与失恋。白羊座的月亮使你不会像其他双鱼座那样敏感，容易受外在的刺激，你也有能力让自己的情绪置身事外。你能够享受完美和谐的关系，只不过白羊座最大的缺点自私，偶尔会浮现。<br><br>

双鱼座的敏感、适应性和理解力与白羊座的高度精神力及独立性相混合，普遍表现出对个人发展，名利或至少是对社会承认度的强烈渴望。但你可能会需要更多的信心和内在激励来实现这些雄心壮志。如果你下定决心去实现它，你可能会拥有很强的个人表达能力。你的力量来源于天性中对知识的热爱，以及对消息灵通的渴望。你也非常自我依赖，同时表现出敏锐的精神能力和自我思考的能力。在你的生命中，要切记避免偏激，尽量试着去理解适度和自我克制的价值。不要忽视你内心里对寻找平静世界和沉着镇静的解决问题的方法的需求，尽管你的本性可能宁愿越过它们，或者难以控制。很多时候你看起来过于自信、坚决，竞争意识强烈。但事实上，你并非总是如你表面一样积极确定。你太阳星座和月亮星座这种不寻常的结合使你很难在感觉、想象以及幻想的深度方面有较强的能力，却使你拥有强大的自信以及对独立的强烈要求。<br><br>


建议：要努力把内心的自信表现出来，因此你十分需要身边朋友的鼓励。<br><br>"
pi,ta,"太阳双鱼+月亮金牛=黄金鱼<br><br>

优点：洞察力强<br><br>

缺点：不够专一<br><br>

性格解析：<br><br>

你的太阳星座和月亮星座的结合带来了丰富的创造力和想象力，但同时也使你喜欢做梦，有点不切实际。金牛座平静稳定的性格和月亮星座变化无常的歌星在你身上交织。你除了需要同情和爱，也会孤立自己，涉及感情时也保持强烈的克制。你对感情方面极其敏感，对爱和奉承没有抵抗力。某种程度上你易受朋友和伙伴的影响。你的洞察力使你不断地对他人形成看法并加以评估，而通常结论也很准确。你选择朋友时应该运用你的鉴别力。你性格中的负面倾向容易招来别人利用你的纯真善良的本质来欺骗你。你对待生活严肃认真，但是将自己排除在外地看待周围的事物会使你失去对现实的认识。如果你允许自己自然地对待别人，你会非常可爱。因为这一点你天生喜好浪漫，浪漫也使你性格中体现明显。<br><br>

你固执的性情可以保护你，但不要任其发挥得过于强烈。有时候沉溺于某事的倾向会带来困扰，比如过多的担忧，吃得太多，纵欲，过分享乐等。避免为自己过分忧伤，懊悔。向人们打开心扉，积极乐观地面对，你会做得更好。你很重视安全感。物质享受对双鱼座不太重要，但是月亮使你在物质和精神上都加强了需要性。对于你能够信任的伴侣，你会放松自己，与对方发展关系。你的感情丰富，性感而且热情。当你感到安全的时候，这些特质会使你的爱情生活大为生色。金牛座最大的弱点是霸道，以拥有者自居，这对另一半会有不良的影响，对方很可能是需要相当自由的人。你处理财务的能力高超，比一般双鱼座强得多。<br><br>


建议：这是一个具有艺术才能的配置，不要浪费哦。<br><br>"
pi,ge,"太阳双鱼+月亮双子=变色鱼<br><br>
优点：适应力强<br><br>

缺点：内心矛盾<br><br>

性格解析：<br><br>

你能够感知并接受身边难以察觉的细微变化，而这最起码会引导你走向生存之路。这种思维的兼容性鼓励了知识的同化，让你在多种主题下得到良好的塑造成为可能，虽然你不会在其中任何一方面成为专家。有时你很难看清事物本来的面目，因为你不是一个现实主义者。即使你的感觉是错误的，也很难说服你去承认错误。你有幻想的特质，这让你总有些与世隔绝。你的目标和雄心从不会很高远，但是你的创造发明能力却相当不错。当你能够在一个和谐的环境里摆脱各种压力和与你格格不入的事业的重负，你会兴奋到极点。虽然你的博学可以让你在任何领域找到机会，你真正的天赋却在脑力，文学，艺术方面。你的多才多艺是站不住脚的，你缺乏自信心。你努力为你的任何行动正名，即使这种正名并不需要。你骨子里总感觉自己被误解。你十分内敛，经常持有与事实不符的固定观点。当你不忙于幻想时，你很善解人意。你生性友善，这种天性让你能同情和理解你身边的人们。<br><br>

你是了不起的沟通高手，很容易传达自己的想法。你也可能会很突兀的转变观念。你对于兴趣的建议反应十分热烈，滔滔不绝发表意见，反之则会胡乱捏造出一大串反对的借口。你也许自信不太够，因此有紧张多话的倾向。请不要慌张，经过思考后再说话，而不要一股脑说一大堆废话。你也许不太容易情绪激动，在初坠爱河时很可能会以理智淡化感情。请不要压抑自己。双子座的怀疑态度应当适可而止，不要破坏了你真正的心意，另外也请记住在长期关系当中，智慧的交流与友情对你而言占有相当重的分量。双子座的理财能力往往不高明，金钱在双鱼座的口袋里更是藏不住。不要轻信那些想借钱之人对你诉说的悲惨故事。<br><br>


建议：下定决心后就不要改变自己的想法了。<br><br>"
pi,cn,"太阳双鱼+月亮巨蟹=小丑鱼<br><br>

优点：友好真诚<br><br>

缺点：自信不足<br><br>

性格解析：<br><br>

你的太阳星座和月亮星座的组合使你的个人特质在感受方面既有深度又复杂。你对周围世界的感受敏感而警醒，并且你的第六感总是能准确地在公众还不清楚他们的需要时，给他们最想要的。对于你决定去做的每一件事，你都认真而紧张。你以旺盛的精力，严明的纪律和坚决的干劲从事每一份工作。你的个人特质克制而自律。尽管你原本是一个习惯躲避公众注视的害羞的人，你性格中自律的一面却将你天性中的强大有力带领出来。你很清楚如何控制人们和说服他们接受你的想法，因为你对他们如此了解。你明白何时该让步，何时该坚持。当你的防卫本能不显示出来时，你能很快速轻易的交到朋友，因为人们很容易就能感受到你的真诚。你对人的洞察力使你在诚恳真实的人面前觉得放松。尽管你本性亲切随和，但给人的感觉可能并非如此。因为你在姿态、动作及语言中表现得太强势并富有戏剧性。你极其注重自我价值，所以任何事情都不会使你对自己失去信心。<br><br>

你是个激情、性感的情人，在长期关系中是美妙的伴侣，你在任何时候很懂得如何取悦另一半，很容易获得满意的关系。不过千万不要对伴侣唠叨，也不要无意间营造出使对方无法喘气的环境。具备巨蟹座特质的人在生意方面精明过人，非常善于运用金钱。你很会利用资金，不过双鱼座的弱点可能会使你对捐献过分慷慨。<br><br>

建议：有时相信别人不如相信自己的第六感。<br><br>"
pi,le,"太阳双鱼+月亮狮子=狮子鱼<br><br>

优点：表现力强<br><br>

缺点：易受影响<br><br>

性格解析：<br><br>

你太阳星座和预想星座的组合使你的性格永远像是在跷跷板上。当你想要下去的时候却上来了，当你想要上来的时候又下去了。你会因为别人的愿望而让步，虽然你不清楚为什么。很难预测你对事情会有怎样的表现，因为你好像总在问自己希望你应该做什么，或者别人希望你应该做什么。更多时候你都在做别人希望你做的事情，不管你自己是不是乐意。在你的个性特质中结合了双鱼座的敏感情绪和感受，以及狮子座的温暖和侵略性。你比人们认识到的你可能更积极而有力，这使你在某种程度上显得有些易变和矛盾。表面上看你像是支柱力量，但你又会轻易摇摆。<br><br>

人际关系对你来说极其重要。你并不总是依附别人，但你的快乐和良好的精神状态却取决于他人。你很容易觉得沮丧。前一刻你可能还觉得轻松快乐，下一刻你就可能变得疲惫，悲伤和忧郁。当你对自己充满信心时，你在人们面前的表现最为出色。当你认为周围的人都比你强时，你就很难维持自己的勇气和热情。每当这时你的情绪就会变坏。你很不擅长应付压力，紧张和竞争。正因为如此，你最好选择能让你拥有权力，可以让你自由表现你积极进取的个性的职位和工作。你的天赋会让你广受欢迎和喜爱。你的优点是随和可爱的个性。你并不是个真正的竞争者，但在受人喜爱方面，没有人会是你的对手。狮子座的情绪也很强烈，表达爱意时十分热烈、性感。你很体贴伴侣，可能经常恋爱并且和其他双鱼座一样也经常心碎。你天性敏锐，一旦受了创伤会躲回暗处疗伤。你可能对伴侣怀着仰慕和崇敬。你永远是王位旁边最佳左右手，可是你也希望分享一份荣誉。请避免操纵另一半。你和一般双鱼座的人不同，喜欢享受豪华、高尚的生活。由于你的本性比较慷慨，所以收入势必得相当高。你可能会选择安全、成长稳定的公司作投资。<br><br>



建议：快乐来源于自己的内心，而不是别人的评价。<br><br>"
pi,vi,"太阳双鱼+月亮处女=清洁鱼<br><br>

优点：服务精神<br><br>

缺点：过于挑剔<br><br>

性格解析：<br><br>

你的太阳星座和月亮星座的这种组合使你的性格结合了双鱼座的敏感情绪、直觉理解力，以及处女座的辨别力，理智性和实用性。你在心理分析、建设性的批评和常识决定方面表现优异。你富有判断力的思想能有效地对你的敏感情绪起到稳定化的影响。你的直觉和实践经验能一起发挥作用。你能把对事物的直觉、感受和印象有效地利用到现实事务中。你对真理有深刻的理解，并且有面对事实的能力。这个组合在日常事务中非常依赖判断力和分析洞察力。<br><br>

处女座为土象星座，和属水的双鱼座十分契合，使你踏实而且理智。你是最佳的协调者，喜欢生动的辩论和讨论。你可能不太有自信，害羞也会对你形成障碍。你也许会借着滔滔不绝来掩饰羞怯，而且你的缺乏自信是根深蒂固的。当别人要求你筹划某事，或是有升迁的机会时，你很可能不太愿意接受。你或许太小看自己的能力了。当别人对你示爱时，你也可能会缺少自信。你的天性谦虚，但是不要因此而错失了建立美好关系的机会。同时也请记住处女座最严重的错误是挑剔。不要对伴侣太唠叨，否则可能会很扫兴。你对用钱很谨慎，态度保守而且不敢冒险。最好的做法是投资在稳定成长的项目上，而且你应该向投资专家请教金钱的运用途径。<br><br>


建议：不断积累生活的智慧是你成功的保证。<br><br>"
pi,li,"太阳双鱼+月亮天枰=孔雀鱼<br><br>

优点：温和优雅<br><br>

缺点：抗压力弱<br><br>

性格解析：<br><br>
你太阳星座和月亮星座的这种组合使你拥有一种真正能令人愉快的温和宁静的性格特质。这个组合结合了双鱼座的敏感情绪、直觉理解力和天秤座的平静、谦逊、友好。这使你天生具有平和的性情，并且总是在你做的所有事情中寻求适宜均衡。在你的性格中没有半点卑鄙、粗鲁、拙劣、丑陋或者狂暴的成分。人们对你的反映总是很自然，因为你总是或多或少的流露出令人愉快的气息，而且你随时准备倾听，总是保持阳光乐观的外表。即使你不是个睿智的学者，你也似乎拥有值得信赖的第六感和及其精确的感知力。宽容是你的信念，你总能更多的理解别人无法欣然接受的东西。你不因行动而闻名，却有不凡的计划准备的能力。<br><br>

双鱼座和天秤座都是个性温和的星座，你在做决定时会摆出非常悠闲的姿态，请培养更实际的人生观，否则也许会没有满足感。你应该随时提醒自己更果断、更积极，少作负面的批评，多一点理性。你处事圆滑，永远有时间给别人，尤其是在他们有困难或情绪不佳之时。你能够让他们松弛、心情好转。太阳和月亮的组合并未带给你太多坚定的力量，这一点很值得注意。 你喜欢物质享受，所以钱很轻易的会从指缝之间溜走。最明智的做法是从薪水中固定扣除一部分来储蓄。你对想占你便宜的人也可能太大方。有关金钱的任何问题都应该找专家征询一番。你不喜欢充满压力的紧张的日程和工作。你不能忍受压得你透不过气的事情。而且你也确实缺少完成真正艰苦的任务的持久耐力。但是你拥有乐观的态度，能在别人只看得到风暴得时候发现“乌云的金边”。你性情平静，对声音、色彩及形态的协调有敏锐的认识，并拥有卓越的审美观。<br><br>

建议：策划方面的工作比执行方面的工作更适合你。<br><br>"
pi,sc,"太阳双鱼+月亮天蝎=蓝魔鬼<br><br>

优点：意志力强<br><br>

缺点：占有欲强<br><br>

性格解析：<br><br>
你的太阳星座和月亮星座的组合使你的性格特质敏感而情绪化。意志力和强大的直觉感受力是你性格中的鲜明特征。你表现出强大、固定和坚决的个性特质，尽管内心深处你并非如此坚定确信。敏锐的意识和观察力会使你在研究调查方面很有成就。你的情绪表达强烈而富有戏剧性，你也从不畏惧经常在公众场合展示你的感情。你性格特质中的坚持，决心和勇气给你的天性增添了稳定性。你渴望多样的生活，也能得到很多，只要你不让急躁影响了你的最好状态。一旦你决心做某事，你会竭尽全力坚持不懈的达成目标。深刻的直觉理解力、预感能力，以及对事物或形势的感受和印象都能增大你成功的可能性。你习惯于保留意见，暗中计划，在这一点上你表现得相当保守。在人际关系中，你过于热情，总是有占有欲，情绪和感觉也倾向于极端化。<br><br>

双鱼座和天蝎座皆为水象星座，你的情感也因而更加丰富。请以决心克服胆怯和没有信心等问题，也请你节制嫉妒的情绪。你比其他双鱼座的人善于处理金钱。你也可能具有财务方面的天分，不过也有可能会一口气投下太多资金。假如你觉得这种倾向很强，就应该以正常储蓄方式为主，此外若是想作投资，最好是去征询专家的意见。<br><br>


建议：感情方面一定要控制自己极端的情绪。<br><br>"
pi,sa,"太阳双鱼+月亮射手=神仙鱼<br><br>

优点：超然智慧<br><br>

缺点：有些自大<br><br>

性格解析：<br><br>
你太阳星座和月亮星座的这个组合赋予你一种永远不会满足于朴实、唯物或世俗的目标的性格特质。你总是大踏步前进，平稳地扫荡一切，而且只愿意接受最好的。为达成目标你愿意尝试各种方法。星座的影响使你非常理想化并且品格高尚。你可以接受的大多数观念都是极不可能的梦想。你在做每一件事的时候都有特定的精神品质。遗憾的是，这种高层次的生活很难过的安乐舒适。射手座“智者”的外表与双鱼座流畅的思想、精神及情绪的表达力有效的结合起来，使你拥有一种能够自由表达伟大思想的智慧。这并非意味着你总是老练而具有建设性。更多时候你的思想模糊虚幻，难以捉摸。<br><br>

你坚持自己的观点，很少改变，也坚持应用经过测试的已存程序处理问题。控制，管理和组织是你的强项。你在处理事务上成熟，可信的名声很少有人可以比拟。你有相当的自控力或内心的稳定。但是环境也会改变你对情感的控制能力，当你觉得需要行动，你也可能会有冲动过激的行为。你对心理学有很好的理解，尤其是在群体行为，控制，管理和决策方面。你的感觉和情绪也会对你的兴趣目标有所帮助。在许多方面，你是个不切实际的幻想家，只是广泛笼统的思考，而不愿涉及具体内容和细节。你是个非常自大的人，可能会因为目标范围太广泛而使你的力量薄弱。毫无疑问，你不是唯物论者，只要你生活中能有份重要的工作，你就会很满足。尽管你也有很强的直觉性的智慧，但你更是个彻底的理想主义者，拥有与之相符的纯真无邪的天性。<br><br>


建议：尝试将你的智慧运用到现实生活中，你会收获很多。<br><br>"
pi,cp,"太阳双鱼+月亮摩羯=帝王鱼（容易成功的配置）<br><br>

优点：内心强大<br><br>
缺点：杞人忧天<br><br>

性格解析：<br><br>
你太阳星座和月亮星座的组合使你在多数时间里表现出令人愉快的甜美性情。这个组合将双鱼座的敏感情绪和直观洞察力与摩羯座的保守性、深远的雄心及小心谨慎结合在一起。双鱼座的性格特质天生害羞敏感，而摩羯座的人也天生性格内向。但是两相结合后，摩羯的性格更倾向于使你产生某种程度的自信、推动力和意志力，同时也不使你过分注重物质和浅薄。尽管你被地上的泥巴沾满双脚，尽管你做事总是脚踏实地，但你的敏感情绪和同情心理会使你避免实利主义的思想。<br><br>

你对显赫的声望，卓越的社会经济地位的渴望给你的行为活动赋予强大的动力。只有你清楚的意识到你渴望的目标后，你才能达成它们，因为你的成功依赖于专注的努力。你是个优秀的管理人员，因为你总能轻松的着眼于全局的宏图，相对于局部的细节来说，你更乐意处理整体的问题。你也有低估自己和过于忧虑的倾向。你在生活中会想要达成某个目标，但你不会表现的太积极或者很坚决。精明是你的行为风格与做事方法。你内心的直觉洞察力与外在的实践、负责和正直相结合成为你成功的源泉。你讲求实用，注重现实，客观而坚韧。团队组织是你的特色，甚至是你的信仰。你天性中的认真严肃使你对责任和义务有着敏锐的意识。金融事务可能在你的生命中扮演重要的角色，你的成功取决于你对金融事务的合理操控，避免财政风险和负债。小心谨慎的个性特质可以增强你的自制力，并有助于控制你天性中不安定、情绪化的倾向。<br><br>


建议：只要你的目标是明确的，你就已经成功了一多半。<br><br>
"
pi,aq,"太阳双鱼+月亮水瓶=X光鱼<br><br>

优点：洞察力强<br><br>

缺点：不够专一<br><br>

性格解析：<br><br>
双鱼的太阳星座和水瓶的月亮星座的组合缔造出各类事物的改革者。双鱼座的敏感情绪和直观洞察力与水瓶座的友善、创意和独立结合在一起。人们喜欢与你相伴，因为你是如此的随和、迷人又多才多艺。令人愉快的外表和自来熟的能力往往使你拥有广泛的朋友圈。你关心他人，并拥有真正的人道主义和博爱主义的意识。得益于你能够轻易与他人相处和与陌生人交朋友能力，你在生意上也会取得成功。抛开合作意识不谈，你的天性中有很多的自主性，不喜欢单调的常规生活。<br><br>


人们喜欢与你相伴，因为你是如此的随和、迷人又多才多艺。令人愉快的外表和自来熟的能力往往使你拥有广泛的朋友圈。你关心他人，并拥有真正的人道主义和博爱主义的意识。得益于你能够轻易与他人相处和与陌生人交朋友能力，你在生意上也会取得成功。抛开合作意识不谈，你的天性中有很多的自主性，不喜欢单调的常规生活。你可能时常会经历心理情绪的多半难以解释的突变。处理金钱并不是你拿手的项目，而且你会花费巨资购买耀眼的东西。在进行储蓄计划以前，先向专家请教。进取的倾向和新颖的思想是你最大的财富。当你坚信于你所做的事情时，你会是一个很有献身精神的人。一旦你完全认定了一个目标或者结果的价值，你善于说服的言论和你平静地坚持会确保你的成功。相反地，当你对一个计划的价值不是百分之百的确信的时候，你几乎不会如此竭尽全力。你有独创性的思考方式，在行动中将情感与理智相互结合。一种强大的内心想象力使你感情与理智融为一体，使你既不会太过于冷静理智，也不会太情绪化。<br><br>

建议：虽然你的朋友很多，但不要忽略了你身边最重要的人。<br><br>
"
pi,pi,"太阳双鱼+月亮双鱼=天堂鱼<br><br>

优点：善良可爱<br><br>

缺点：有些自闭<br><br>

性格解析：<br><br>
你太阳星座和月亮星座皆为双鱼座的这种组合使你的性格特质具有双重性，而且其中一种性格很难被世人轻易接受。你极度内省，以至于你会觉得外部世界很古怪而且充满了你认为怪异的观念。总是退缩的倾向使你有时很奇怪的难以接近。但当你向他人敞开心扉，并且能毫无保留的展示自己的时候，你其实具有一种很温暖可爱的品质。你对自己的直觉和自给自足有着强大的信念，但同时你也重视亲密关系和社交活动。在极大程度上，双重双鱼座的人通情达理，对他人很感兴趣，是个值得信赖的朋友。<br><br>

在处理工作上，你天生会辛勤劳作，精于细节。你忠于职守，认真履行义务。精神方面你反应敏捷，富有洞察力，有强大的直觉能力，对自己的预感有近乎神秘的信念。洞察力和创造力是你最强大的实力。你能通过离奇的方式看到事物的核心和实质，这使你成为既有激励性又对万物通用的思想者。艺术表演往往是你的强项。你对情人的忍耐度很大，而且甘心乐意如此。请注意不宜作过多的让步。你希望你的爱情关系稳定，伴侣能够给你鼓舞，激发你的潜力。你和伴侣之间的爱情生活将会非常融洽。你也许太容易坠入爱河，以自欺的态度夸大另一半的优点，忽视对方的缺点。在这方面你应该格外谨慎。你最好尽可能减少自己作记帐的工作，把它交给另一半。如果你有固定收入，请每个月由收入当中扣除特定的一部分来作为捐款。投资之前当然要请教专家。<br><br>


理想的情形：情感带动了技艺的培养，他们因兼备圆熟老练与敏感而成为某方面的权威。<br><br>
"
